시설물명,종류,인접도로명,이격거리(px),상세주소,위도,경도
"현대조선 효빈조선소 제2분소","일반건물","해안남북로","141","효빈광역시 남구 항2동(항동2가)","-28525","1137"
"효빈해양산업고","일반건물","해안남북로","124","효빈광역시 남구 항2동(항동2가)","-28709","1380"
"항동푸르지오아파트","일반건물","효빈항로","69","효빈광역시 남구 항2동(항동2가)","-28443","1417"
"효빈 출입국 외국인청","일반건물","효빈항로","54","효빈광역시 남구 항2동(항동2가)","-28322","1470"
"효빈출입국관리사무소","일반건물","효빈항로","54","효빈광역시 남구 항2동(항동2가)","-28322","1470"
"항동초","일반건물","해안남북로","38","효빈광역시 남구 항2동(항동2가)","-28707","1636"
"효빈해양경찰서","일반건물","해안남북로","184","효빈광역시 남구 항2동(항동2가)","-29046","1732"
"서남지방해양경찰청","일반건물","해안남북로","136","효빈광역시 남구 항2동(항동2가)","-29115","1987"
"해양아파트","일반건물","해앙로","200","효빈광역시 남구 항2동(항동2가)","-28636","2108"
"효빈항국제여객터미널역","지하철역","효빈항로","21","효빈광역시 남구 항2동(항동2가)","-28518","2364"
"2호선 항동차량기지","일반건물","해앙로","283","효빈광역시 남구 항2동(항동2가)","-28034","2398"
"항동중","일반건물","효빈항로","75","효빈광역시 남구 항2동(항동2가)","-28671","2430"
"국목공원","일반건물","효빈항로","75","효빈광역시 남구 항2동(항동2가)","-28471","2450"
"소여아파트","일반건물","효빈항로","112","효빈광역시 남구 항2동(항동2가)","-28784","2483"
"효빈항 국제여객터미널","일반건물","효빈항로","224","효빈광역시 남구 항2동(항동2가)","-28361","2552"
"효빈항국제터미널역","일반건물","효빈항로","224","효빈광역시 남구 항2동(항동2가)","-28361","2552"
"회주공업사원아파트","일반건물","효빈항로","100","효빈광역시 남구 항2동(항동2가)","-28674","2717"
"회주공업사원1단지","일반건물","효빈항로","100","효빈광역시 남구 항2동(항동2가)","-28674","2717"
"봉전공원","일반건물","효빈항로","16","효빈광역시 남구 항2동(항동2가)","-28790","2753"
"회주공업사원2단지","일반건물","효빈항로","158","효빈광역시 남구 항2동(항동2가)","-28737","3064"
"종람초","일반건물","강무로","27","효빈광역시 남구 항2동(항동1가)","-30336","3602"
"대한통운 남효빈지역센터","일반건물","효빈항로","258","효빈광역시 남구 항2동(항동2가)","-28694","3657"
"항동주공1단지","일반건물","강무로","258","효빈광역시 남구 항2동(항동1가)","-30085","3665"
"항동주공2단지","일반건물","어간로","177","효빈광역시 남구 항2동(항동1가)","-29757","3732"
"항동1가역","지하철역","어간로","12","효빈광역시 남구 항2동(항동1가)","-29657","3906"
"맥도날드 항동DT","일반건물","어간로","38","효빈광역시 남구 항2동(항동1가)","-29780","3972"
"항동엘리프아파트","일반건물","강무로","88","효빈광역시 남구 항2동(항동1가)","-30333","3995"
"하림 효빈1공장","일반건물","무개로","258","효빈광역시 남구 항2동(항동1가)","-29296","4068"
"항동고","일반건물","강무로","62","효빈광역시 남구 항2동(항동1가)","-30134","4095"
"항동아파트","일반건물","어간로","148","효빈광역시 남구 항2동(항동1가)","-29974","4103"
"항구초","일반건물","어간로","41","효빈광역시 남구 항2동(항동1가)","-29807","4192"
"토장병원","일반건물","문간로","60","효빈광역시 남구 어간1동(어간동)","-30450","4218"
"항동아쿠아아파트","일반건물","효빈항로","86","효빈광역시 남구 항2동(항동2가)","-28968","4250"
"항2동행정복지센터","일반건물","어간로","69","효빈광역시 남구 항2동(항동1가)","-29830","4296"
"cj재일제당 효빈1공장","일반건물","효빈항로","101","효빈광역시 남구 항2동(항동2가)","-29184","4383"
"어간주공1단지","일반건물","문간로","87","효빈광역시 남구 어간1동(어간동)","-30589","4542"
"어간주공3단지","일반건물","어천로","118","효빈광역시 남구 어간1동(어간동)","-30910","4624"
"어간 양우내안에아파트","일반건물","어간로","101","효빈광역시 남구 어간1동(어간동)","-30148","4781"
"기랑공원","일반건물","효빈항로","59","효빈광역시 남구 항2동(항동2가)","-29224","4813"
"어간주공2단지","일반건물","문간로","107","효빈광역시 남구 어간1동(어간동)","-30600","4941"
"효빈해양대 2캠퍼스","일반건물","해양로","211","효빈광역시 남구 어간1동(어간동)","-31107","4990"
"어간블렌하임아파트","일반건물","어간로","60","효빈광역시 남구 어간1동(어간동)","-30188","5024"
"어간주공4단지","일반건물","어천로","60","효빈광역시 남구 어간1동(어간동)","-30851","5046"
"한국폴리텍8대학","일반건물","해양로","94","효빈광역시 남구 어간1동(어간동)","-31219","5296"
"어간역","지하철역","어간로","10","효빈광역시 남구 어간1동(어간동)","-30230","5300"
"어간신원리브렐","일반건물","강무로","34","효빈광역시 남구 어간1동(어간동)","-29916","5459"
"어간신원리브웰아파트","일반건물","강무로","34","효빈광역시 남구 어간1동(어간동)","-29916","5459"
"어간1동행정복지센터","일반건물","어천로","182","효빈광역시 남구 어간1동(어간동)","-30972","5527"
"어간디아채아파트","일반건물","어천로","177","효빈광역시 남구 어간1동(어간동)","-30613","5549"
"항동해안아파트","일반건물","효빈항로","87","효빈광역시 남구 항3동(항동2가)","-29218","5553"
"엽월대학교 병원","일반건물","해안남북로","169","효빈광역시 남구 어간1동(어간동)","-31508","5609"
"항동산단","일반건물","희산로","98","효빈광역시 남구 항3동(항동1가)","-29588","5778"
"어간현대아파트","일반건물","강무로","176","효빈광역시 남구 어간1동(어간동)","-30055","5793"
"어간세영","일반건물","구갈로","171","효빈광역시 남구 어간1동(어간동)","-30227","5799"
"어간공원","일반건물","어간로","63","효빈광역시 남구 어간1동(어간동)","-30496","5838"
"효빈보건대","일반건물","엽월대병원로","80","효빈광역시 남구 어간1동(어간동)","-31407","5858"
"효빈보건대학교","일반건물","엽월대병원로","80","효빈광역시 남구 어간1동(어간동)","-31407","5858"
"맥도날드 어간DT","일반건물","어간항로","51","효빈광역시 남구 어간1동(어간동)","-30936","5943"
"어간헤센","일반건물","어간항로","128","효빈광역시 남구 어간2동(어간동)","-30267","6017"
"희산공업사원아파트","일반건물","희산로","66","효빈광역시 남구 항3동(항동2가)","-29475","6028"
"어간아파트","일반건물","어간항로","105","효빈광역시 남구 어간2동(어간동)","-31146","6111"
"어간삼성아파트","일반건물","강무로","102","효빈광역시 남구 항3동(항동1가)","-29978","6116"
"어간항","일반건물","해안남북로","113","효빈광역시","-31870","6158"
"희산공업 제2공장","일반건물","효빈항로","81","효빈광역시 남구 항3동(항동2가)","-29446","6242"
"어간중앙역","지하철역","어간로","2","효빈광역시 남구 어간2동(어간동)","-30848","6260"
"어간벨리아파트","일반건물","괴성로","134","효빈광역시 남구 어간2동(어간동)","-31074","6354"
"어간여고","일반건물","엽월대병원로","63","효빈광역시 남구 어간2동(어간동)","-31262","6409"
"어간여자고등학교","일반건물","엽월대병원로","63","효빈광역시 남구 어간2동(어간동)","-31262","6409"
"어간페리체","일반건물","괴성로","135","효빈광역시 남구 어간2동(어간동)","-30341","6444"
"항동남서","일반건물","무개로","83","효빈광역시 남구 항3동(항동1가)","-29969","6493"
"항동남서아파트","일반건물","무개로","83","효빈광역시 남구 항3동(항동1가)","-29969","6493"
"어천초","일반건물","괴성로","199","효빈광역시 남구 어간2동(어간동)","-30274","6508"
"항3동행정복지센터","일반건물","희산로","20","효빈광역시 남구 항3동(항동2가)","-29629","6535"
"1,8호선 곽암차량기지","일반건물","해안남북로","184","효빈광역시 남구 곽산2동(곽산동)","-38833","6589"
"버거킹 어간점","일반건물","어간로","22","효빈광역시 남구 어간2동(어간동)","-31114","6621"
"항동삼각공원","일반건물","무개로","132","효빈광역시 남구 항3동(항동1가)","-30018","6694"
"어간초","일반건물","어천로","117","효빈광역시 남구 어간2동(어간동)","-30636","6766"
"어간초역","지하철역","어천로","9","효빈광역시 남구 어간2동(어간동)","-30746","6864"
"어간신영","일반건물","어성로","96","효빈광역시 남구 항3동(항동1가)","-30193","6883"
"어간신영아파트","일반건물","어성로","96","효빈광역시 남구 항3동(항동1가)","-30193","6883"
"곽암해수욕장","일반건물","곽산로","197","효빈광역시 남구 곽산2동(곽산동)","-39384","6932"
"항동주성아파트","일반건물","어성로","68","효빈광역시 남구 항3동(항동1가)","-30135","7047"
"석무공원","일반건물","어성로","104","효빈광역시 남구 어간3동(어간동)","-32130","7072"
"어간해수욕장","일반건물","해안남북로","186","효빈광역시 남구 어간3동(어간동)","-32534","7080"
"어간수산시장역","지하철역","어간로","6","효빈광역시 남구 어간2동(어간동)","-31334","7085"
"효빈해양대1캠퍼스","일반건물","어성로","120","효빈광역시 남구 어간2동(어간동)","-31857","7089"
"곽암바다아파트","일반건물","곽산동서2로","79","효빈광역시 남구 곽산2동(곽산동)","-39100","7114"
"희산공업 제2공장","일반건물","어성로","247","효빈광역시 남구 항3동(항동2가)","-29311","7130"
"어간2동행정복지센터","일반건물","엽월대병원로","126","효빈광역시 남구 어간2동(어간동)","-31196","7131"
"백생공원","일반건물","해안남북로","41","효빈광역시 남구 어간3동(어간동)","-32309","7146"
"어간수산시장","일반건물","어간로","130","효빈광역시 남구 어간2동(어간동)","-31513","7190"
"해안초","일반건물","중앙로","43","효빈광역시 남구 어간3동(어간동)","-32203","7202"
"고산아파트","일반건물","어천로","239","효빈광역시 남구 어간2동(어간동)","-30929","7217"
"광암아파트","일반건물","곽산동서2로","80","효빈광역시 남구 곽산2동(곽산동)","-39102","7265"
"곽암해수욕장역","지하철역","곽산동서1로","12","효빈광역시 남구 곽산2동(곽산동)","-38713","7275"
"곽산초","일반건물","곽산로","24","효빈광역시 남구 곽산2동(곽산동)","-39363","7323"
"곽암공원","일반건물","곽암로","64","효빈광역시 남구 곽산2동(곽산동)","-38623","7356"
"곽암초","일반건물","곽암로","33","효빈광역시 남구 곽산2동(곽산동)","-38383","7389"
"4호선 평당차량기지","일반건물","해안남북로","175","효빈광역시 남구 평당4동(평당동)","-35941","7453"
"평언중","일반건물","곽암로","84","효빈광역시 남구 곽산1동(곽산동)","-39341","7500"
"명주공원","일반건물","어간로","36","효빈광역시 남구 어간2동(어간동)","-31451","7521"
"부신나아파트","일반건물","곽암로","105","효빈광역시 남구 곽산1동(곽산동)","-39042","7523"
"블라인아파트","일반건물","중앙로","66","효빈광역시 남구 어간3동(어간동)","-32312","7529"
"어간비치아파트","일반건물","해안남북로","88","효빈광역시 남구 어간3동(어간동)","-32618","7552"
"곽암비치아파트","일반건물","곽암로","139","효빈광역시 남구 곽산2동(곽산동)","-38482","7560"
"곽산2동행정복지센터","일반건물","기계산업로","86","효빈광역시 남구 곽산2동(곽산동)","-38121","7584"
"소장아파트","일반건물","중항로","185","효빈광역시 남구 어간2동(어간동)","-30887","7615"
"곽산현대아파트","일반건물","곽산공단로","172","효빈광역시 남구 곽산2동(곽산동)","-37353","7638"
"고관초","일반건물","중항로","94","효빈광역시 남구 어간2동(어간동)","-30732","7707"
"두리안아파트","일반건물","중항로","77","효빈광역시 남구 어간2동(어간동)","-30863","7723"
"해운산업지구역","지하철역","해안남북로","101","효빈광역시 남구 평당4동(평당동)","-35540","7762"
"어간대라수아파트","일반건물","우포로","142","효빈광역시 남구 어간3동(어간동)","-32610","7853"
"한양아이클래스곽산","일반건물","기계산업로","157","효빈광역시 남구 곽산2동(곽산동)","-38372","7863"
"한양수자인곽산아파트","일반건물","곽산동서1로","190","효빈광역시 남구 곽산2동(곽산동)","-38530","7866"
"어간에버빌아파트","일반건물","우포로","105","효빈광역시 남구 어간3동(어간동)","-32858","7877"
"메가박스 항동","일반건물","어천로","57","효빈광역시 남구 항4동(항동1가)","-30673","7891"
"곽산역","지하철역","기지로","67","효빈광역시 남구 곽산2동(곽산동)","-37135","7896"
"지안아파트","일반건물","중항로","103","효빈광역시 남구 어간2동(어간동)","-31476","7900"
"브링아파트","일반건물","중앙로","165","효빈광역시 남구 어간3동(어간동)","-32080","7911"
"브리밍아파트","일반건물","중앙로","165","효빈광역시 남구 어간3동(어간동)","-32080","7911"
"항동3가역","지하철역","어천로","17","효빈광역시 남구 항4동(항동1가)","-30598","7913"
"풍림아이원곽산아파트(2028예정)","일반건물","곽산로","168","효빈광역시 남구 곽산1동(곽산동)","-39488","7917"
"어간고","일반건물","엽월대병원로","54","효빈광역시 남구 어간2동(어간동)","-31264","7951"
"곽산역공원","일반건물","평곡로","79","효빈광역시 남구 곽산2동(곽산동)","-36879","7973"
"평당회산시장","일반건물","기지로","141","효빈광역시 남구 곽산2동(곽산동)","-36629","7988"
"항동엘리아아파트","일반건물","효빈공단로","75","효빈광역시 남구 어간3동(어간동)","-32373","8004"
"두라아파트","일반건물","곽산공단로","192","효빈광역시 남구 곽산2동(곽산동)","-37332","8054"
"곽산인파크아파트","일반건물","회산로","148","효빈광역시 남구 곽산2동(곽산동)","-37065","8125"
"곽산1동행정복지센터","일반건물","곽산로","64","효빈광역시 남구 곽산1동(곽산동)","-38797","8144"
"평당4동행정복지센터","일반건물","평당중앙로","42","효빈광역시 남구 평당4동(평당동)","-35491","8149"
"어간3동행정복지센터","일반건물","중앙로","78","효빈광역시 남구 어간3동(어간동)","-32323","8247"
"평당헤리움아파트","일반건물","평당역로","94","효빈광역시 남구 평당4동(평당동)","-35207","8252"
"회산역","지하철역","평당동서1로","11","효빈광역시 남구 곽산2동(곽산동)","-36438","8313"
"어간항역","지하철역","운양로","131","효빈광역시 남구 어간2동(어간동)","-31752","8330"
"회산역푸르지오","일반건물","평당동서1로","100","효빈광역시 남구 곽산2동(곽산동)","-36548","8334"
"창문공원","일반건물","평당북로","138","효빈광역시 남구 어간3동(어간동)","-33094","8350"
"효빈환경공단","일반건물","해안남북로","54","효빈광역시 남구 평당3동(평당동)","-33916","8350"
"데시안아파트","일반건물","평당동서3로","163","효빈광역시 남구 평당4동(평당동)","-34717","8353"
"곽산우리아파트","일반건물","곽산로","154","효빈광역시 남구 곽산1동(곽산동)","-38895","8362"
"효빈세무서","일반건물","평당남북1로","84","효빈광역시 남구 어간3동(어간동)","-32563","8452"
"이베리안아파트","일반건물","회산로","197","효빈광역시 남구 곽산2동(곽산동)","-37160","8470"
"창문공원역","지하철역","평당남북1로","15","효빈광역시 남구 어간3동(어간동)","-32914","8519"
"주곡역","지하철역","평당남북1로","12","효빈광역시 남구 어간3동(어간동)","-33269","8519"
"세무지구역","지하철역","평당남북1로","12","효빈광역시 남구 어간3동(어간동)","-32610","8524"
"항만해변역","지하철역","평당남북1로","1","효빈광역시 남구 항4동(항동3가)","-30656","8547"
"트레이더스 곽산평당점","일반건물","평당중앙2로","123","효빈광역시 남구 평당7동(평당동)","-36255","8547"
"인스차아파트","일반건물","곽산공단로","92","효빈광역시 남구 곽산2동(곽산동)","-37430","8558"
"곽산더샵아파트(2027.8예정)","일반건물","평당동서1로","117","효빈광역시 남구 곽산2동(곽산동)","-36564","8561"
"산내중","일반건물","평당중앙2로","74","효빈광역시 남구 평당7동(평당동)","-36057","8619"
"어두아파트","일반건물","평당남북1로","92","효빈광역시 남구 어간3동(어간동)","-31753","8633"
"이부역","지하철역","이부로","3","효빈광역시 남구 평당5동(평당동)","-34547","8669"
"효빈예술문화회관","일반건물","평당동서2로","80","효빈광역시 남구 평당4동(평당동)","-35839","8697"
"호르아파트","일반건물","남구청로","147","효빈광역시 남구 평당3동(평당동)","-34255","8717"
"평당노블리안아파트","일반건물","평당중앙로","167","효빈광역시 남구 평당4동(평당동)","-35281","8746"
"북평단역","지하철역","고성로","7","효빈광역시 남구 평당3동(평당동)","-33691","8750"
"곽산중","일반건물","평곡로","18","효빈광역시 남구 곽산1동(곽산동)","-36817","8763"
"삼선초","일반건물","평당중앙로","132","효빈광역시 남구 평당4동(평당동)","-35580","8768"
"곽산하브아파트","일반건물","곽산공단로","89","효빈광역시 남구 곽산1동(곽산동)","-37433","8834"
"월홍초","일반건물","엽월대병원로","65","효빈광역시 남구 항4동(항동3가)","-31249","8835"
"곽산고","일반건물","남당로","96","효빈광역시 남구 곽산1동(곽산동)","-36598","8862"
"효빈의료원","일반건물","남당로","95","효빈광역시 남구 어간3동(어간동)","-32077","8867"
"더파크곽산아파트(2030예정)","일반건물","남당로","87","효빈광역시 남구 곽산1동(곽산동)","-37160","8870"
"평당3동행정복지센터","일반건물","남구청로","43","효빈광역시 남구 평당3동(평당동)","-34065","8872"
"안부아파트","일반건물","남당로","74","효빈광역시 남구 항4동(항동1가)","-31747","8889"
"항만해변","일반건물","효빈항로","114","효빈광역시 남구 항4동(항동3가)","-30452","8905"
"항만해변전망대","일반건물","효빈항로","114","효빈광역시 남구 항4동(항동3가)","-30452","8905"
"맥도날드 곽산DT","일반건물","남당로","43","효빈광역시 남구 평당7동(평당동)","-36060","8915"
"배고역","지하철역","효빈공단로","2","효빈광역시 남구 평당1동","-32459","8921"
"남당역","지하철역","남당로","6","효빈광역시 남구 평당7동(평당동)","-35893","8953"
"곽산고역","지하철역","남당로","5","효빈광역시 남구 평당7동(곽산동)","-36624","8953"
"우리나아파트","일반건물","남당로","56","효빈광역시 남구 항4동(항동1가)","-31410","9019"
"선찬초","일반건물","남당로","67","효빈광역시 남구 어간3동(어간동)","-32382","9029"
"롯데마트 평당점","일반건물","평당중앙로","80","효빈광역시 남구 평당5동(평당동)","-35368","9046"
"어신중","일반건물","남당로","99","효빈광역시 남구 평당5동(평당동)","-34980","9058"
"어간중","일반건물","중앙로","61","효빈광역시 남구 어간3동(어간동)","-32183","9071"
"곽산대라수아파트","일반건물","남당로","117","효빈광역시 남구 평당7동(평당동)","-37130","9074"
"데포리에아파트","일반건물","남당로","136","효빈광역시 남구 어간3동(어간동)","-32043","9098"
"효빈남중","일반건물","운양로","42","효빈광역시 남구 항4동(항동1가)","-31848","9142"
"평안초","일반건물","어간로","29","효빈광역시 남구 항4동(항동1가)","-31661","9147"
"평당하브아파트","일반건물","평당중앙2로","107","효빈광역시 남구 평당7동(평당동)","-36237","9156"
"평당장애인복지관역","지하철역","고성로","1","효빈광역시 남구 평당3동(평당동)","-33685","9168"
"평당중앙하이츠아파트","일반건물","고성로","202","효빈광역시 남구 평당3동(평당동)","-33888","9173"
"평당양우내안에아파트1단지","일반건물","평당동서2로","77","효빈광역시 남구 평당7동(평당동)","-35835","9173"
"평당트루엘아파트","일반건물","청련로","104","효빈광역시 남구 평당1동(평당동)","-33062","9183"
"롯데시네마 평당","일반건물","평당중앙로","90","효빈광역시 남구 평당5동(평당동)","-35357","9183"
"평당흥한웰가아파트","일반건물","문화로","57","효빈광역시 남구 평당7동(평당동)","-36025","9186"
"평당유탑유블레스아파트","일반건물","효빈공단로","121","효빈광역시 남구 평당1동(평당동)","-32581","9204"
"롯데백화점 평당점","일반건물","평당역로","58","효빈광역시 남구 평당5동(평당동)","-35171","9214"
"항동펠리페아파트","일반건물","엽월대병원로","115","효빈광역시 남구 항4동(항동3가)","-31428","9238"
"평당도뮤토아파트","일반건물","평당관통로","147","효빈광역시 남구 평당3동(평당동)","-34363","9244"
"산홍역","지하철역","효빈항로","89","효빈광역시 남구 항4동(항동3가)","-30934","9253"
"평당하나리움아파트","일반건물","이부로","153","효빈광역시 남구 평당5동(평당동)","-34700","9255"
"평당1동행정복지센터","일반건물","청련로","94","효빈광역시 남구 평당1동(평당동)","-32864","9276"
"곽산기계산단","일반건물","기계산업로","253","효빈광역시 남구 곽산1동(곽산동)","-37954","9292"
"운양이편한세상아파트(2029예정)","일반건물","운양로","131","효빈광역시 남구 어간3동(운양동)","-32022","9315"
"평당5동행정복지센터","일반건물","평당역로","74","효빈광역시 남구 평당5동(평당동)","-35039","9316"
"문화회관역","지하철역","효빈공단로","5","효빈광역시 남구 어간3동(평당동)","-32456","9355"
"효빈기계공고","일반건물","곽산공단로","76","효빈광역시 남구 곽산1동(곽산동)","-37444","9362"
"남서아파트","일반건물","평당동서2로","155","효빈광역시 남구 평당7동(평당동)","-35603","9363"
"평당한진스카이뷰아파트1단지","일반건물","평곡로","180","효빈광역시 남구 평당7동(평당동)","-36978","9379"
"평당역","지하철역","평당역로","33","효빈광역시 남구 평당5동(평당동)","-35146","9382"
"남효빈우체국","일반건물","평당동서3로","47","효빈광역시 남구 평당5동(평당동)","-34919","9411"
"평당해모로아파트","일반건물","평당동서1로","126","효빈광역시 남구 평당7동(평당동)","-36569","9450"
"평당양우내안에아파트2단지","일반건물","평당중앙2로","150","효빈광역시 남구 평당7동(평당동)","-36279","9505"
"항4동행정복지센터","일반건물","엽월대병원로","36","효빈광역시 남구 항4동(항동3가)","-31347","9508"
"항4동 행정복지센터","일반건물","엽월대병원로","36","효빈광역시 남구 항4동(항동3가)","-31347","9508"
"평당파크사이드","일반건물","평당북로","208","효빈광역시 남구 평당2동(평당동)","-33444","9552"
"평당라비다아파트","일반건물","청련로","112","효빈광역시 남구 평당2동(평당동)","-33072","9561"
"평당라바다 아파트","일반건물","청련로","112","효빈광역시 남구 평당2동(평당동)","-33072","9561"
"평당스위첸아파트","일반건물","우포로","82","효빈광역시 남구 평당1동(평당동)","-32843","9568"
"평당제일아파트","일반건물","평당역로","97","효빈광역시 남구 평당5동(평당동)","-35210","9569"
"상원대초","일반건물","고성로","103","효빈광역시 남구 평당3동(평당동)","-33791","9596"
"간자초","일반건물","평당역로","73","효빈광역시 남구 평당5동(평당동)","-35040","9600"
"평당한진스카이뷰2단지","일반건물","평곡로","150","효빈광역시 남구 평당7동(평당동)","-36948","9640"
"운양역푸르지오아파트","일반건물","운양로","165","효빈광역시 남구 항4동(항동1가)","-32059","9642"
"평당풍림아이원아파트","일반건물","평당중앙로","132","효빈광역시 남구 평당7동(평당동)","-35579","9642"
"주오역","지하철역","고성로","8","효빈광역시 남구 평당3동(평당동)","-33680","9647"
"평당우미린아파트","일반건물","효빈공단로","101","효빈광역시 남구 평당1동(평당동)","-32565","9663"
"효빈남부경찰서","일반건물","남구청로","66","효빈광역시 남구 평당3동(평당동)","-34042","9709"
"소진아파트","일반건물","평당대로","164","효빈광역시 남구 평당5동(평당동)","-34286","9711"
"평당중앙공원","일반건물","평당대로","92","효빈광역시 남구 평당5동(평당동)","-34737","9782"
"운양역","지하철역","운양로","14","효빈광역시 남구 항4동(항동1가)","-31881","9792"
"남구청역","지하철역","평당대로","11","효빈광역시 남구 평당3동(평당동)","-33891","9865"
"신거역","지하철역","평당대로","13","효빈광역시 남구 어간3동(운양동)","-32451","9866"
"KFC 평당점","일반건물","평당대로","25","효빈광역시 남구 평당5동(평당동)","-34602","9899"
"남부소방서역","지하철역","평당동서1로","17","효빈광역시 남구 평당7동(평당동)","-36424","9899"
"버거킹 평당점","일반건물","평당역로","34","효빈광역시 남구 평당5동(평당동)","-35147","9923"
"신거초","일반건물","평당대로","50","효빈광역시 남구 어간3동(운양동)","-32374","9929"
"한국주택금융공사 효빈지사","일반건물","이부로","76","효빈광역시 남구 평당6동(평당동)","-34475","9953"
"효빈항역행복주택","일반건물","평당대로","74","효빈광역시 남구 항4동(항동3가)","-31512","9954"
"운양초","일반건물","운양로","77","효빈광역시 남구 항4동(항동1가)","-31820","9960"
"남구민광장","일반건물","우포로","71","효빈광역시 남구 평당1동(평당동)","-32834","9980"
"효빈남부소방서","일반건물","평당동서1로","61","효빈광역시 남구 평당7동(평당동)","-36379","9985"
"평당7동행정복지센터","일반건물","평당대로","123","효빈광역시 남구 평당7동(평당동)","-36281","9994"
"CGV 평당","일반건물","고성로","17","효빈광역시 남구 평당2동(평당동)","-33707","9995"
"평당블루힐스아파트","일반건물","남구청로","102","효빈광역시 남구 평당6동(평당동)","-34210","10001"
"효천고","일반건물","평당대로","132","효빈광역시 남구 평당1동(평당동)","-32627","10010"
"남구청","일반건물","평당관통로","52","효빈광역시 남구 평당2동(평당동)","-33851","10020"
"평당자이3단지","일반건물","평당대로","147","효빈광역시 남구 평당7동(평당동)","-35606","10020"
"벨라치오아파트","일반건물","어간로","96","효빈광역시 남구 항4동(항동1가)","-31718","10075"
"평당이음아파트","일반건물","청련로","99","효빈광역시 남구 평당2동(평당동)","-33062","10078"
"효빈헤센아파트","일반건물","운양로","163","효빈광역시 남구 항4동(항동1가)","-32061","10083"
"남구보건소","일반건물","평당관통로","13","효빈광역시 남구 평당2동(평당동)","-33717","10132"
"평당자이1단지","일반건물","평당동서2로","57","효빈광역시 남구 평당7동(평당동)","-35814","10136"
"사북내역","지하철역","남구청로","5","효빈광역시 남구 평당6동(평당동)","-34113","10138"
"효빈항역","지하철역","효빈항로","5","효빈광역시 남구 항4동(항동3가)","-31319","10144"
"이편한세상평당아파트","일반건물","고성로","206","효빈광역시 남구 평당2동(평당동)","-33484","10144"
"신거아파트","일반건물","중앙로","99","효빈광역시 남구 어간3동(운양동)","-32341","10151"
"대한상공회의소 효빈인력개발원","일반건물","평당관통로","90","효빈광역시 남구 평당2동(평당동)","-33824","10152"
"평당동 92-12번지 일원아파트(예정)","일반건물","기계산업로","123","효빈광역시 남구 평당7동(평당동)","-36981","10170"
"평당코아루아파트","일반건물","평당역로","126","효빈광역시 남구 평당5동(평당동)","-35239","10178"
"평남초","일반건물","이부로","147","효빈광역시 남구 평당6동(평당동)","-34406","10194"
"평당2동행정복지센터","일반건물","평당북로","59","효빈광역시 남구 평당2동(평당동)","-33180","10205"
"평당초","일반건물","평당동서2로","77","효빈광역시 남구 평당7동(평당동)","-35834","10243"
"평당자이2단지","일반건물","문화로","55","효빈광역시 남구 평당7동(평당동)","-36033","10263"
"평당필하우스2단지","일반건물","이부로","124","효빈광역시 남구 평당6동(평당동)","-34677","10273"
"평산초","일반건물","평당중앙로","127","효빈광역시 남구 평당7동(평당동)","-35573","10287"
"평당필하우스1단지","일반건물","평당동서3로","96","효빈광역시 남구 평당5동(평당동)","-34962","10307"
"평당중해마루힐아파트","일반건물","남구청로","160","효빈광역시 남구 평당6동(평당동)","-34268","10318"
"평당휴먼빌아파트","일반건물","고성로","146","효빈광역시 남구 평당2동(평당동)","-33837","10339"
"은화학교","일반건물","중앙로","91","효빈광역시 남구 항1동(항동1가)","-32149","10348"
"평운역","지하철역","효빈공단로","21","효빈광역시 남구 어간3동(운양동)","-32450","10369"
"효빈블렌하임아파트(2029예정)","일반건물","어간로","86","효빈광역시 남구 항1동(항동1가)","-31710","10381"
"평당 블루아아파트","일반건물","효빈공단로","92","효빈광역시 남구 평당1동(평당동)","-32563","10386"
"평당디아채아파트","일반건물","우포로","59","효빈광역시 남구 평당2동(평당동)","-32824","10391"
"평당지젤아파트","일반건물","중앙로","80","효빈광역시 남구 어간3동(운양동)","-32320","10418"
"선산중","일반건물","운양로","69","효빈광역시 남구 항1동(항동1가)","-31970","10458"
"버거킹 항동점","일반건물","효빈항로","74","효빈광역시 남구 항1동(항동1가)","-31426","10461"
"효빈중부교육지원청","일반건물","중앙로","104","효빈광역시 남구 항1동(항동1가)","-32136","10477"
"평당빌리브아파트","일반건물","청련로","105","효빈광역시 남구 평당2동(평당동)","-33070","10489"
"평당자이4단지","일반건물","평당중앙로","138","효빈광역시 남구 평당7동(평당동)","-35584","10516"
"한국해양물류발전협회","일반건물","효빈항로","185","효빈광역시 남구 항1동(항동1가)","-31173","10540"
"능사초","일반건물","평당중앙2로","111","효빈광역시 남구 평당7동(평당동)","-36238","10571"
"효빈 남구선관위","일반건물","평당역로","88","효빈광역시 남구 평당6동(평당동)","-35025","10572"
"효빈과학대학교","일반건물","곽산로","115","효빈광역시 남구 평당6동(평당동)","-34420","10576"
"평당고","일반건물","곽산로","89","효빈광역시 남구 평당6동(평당동)","-34213","10602"
"평당중","일반건물","곽산로","76","효빈광역시 남구 고당동(평당동)","-33480","10615"
"맥도날드 평당DT","일반건물","곽산로","52","효빈광역시 남구 평당2동(평당동)","-33908","10639"
"평당고역","지하철역","남구청로","5","효빈광역시 남구 평당2동(평당동)","-34113","10645"
"해양환경공단 효빈지사","일반건물","효빈항로","237","효빈광역시 남구 항1동(항동1가)","-31132","10673"
"항동세영리첼아파트(2028예정)","일반건물","운양로","110","효빈광역시 남구 항1동(항동1가)","-32011","10685"
"부한역","지하철역","곽산로","3","효빈광역시 남구 평당7동(평당동)","-36315","10688"
"평곡역","지하철역","곽산로","2","효빈광역시 남구 평당6동(평당동)","-34665","10693"
"남구선관위역","지하철역","곽산로","2","효빈광역시 남구 평당6동(평당동)","-35056","10693"
"효빈항동부역","지하철역","효빈항로","22","효빈광역시 남구 항1동(항동1가)","-31356","10782"
"평당6동행정복지센터","일반건물","평당동서3로","63","효빈광역시 남구 평당6동(평당동)","-34799","10804"
"대택아파트","일반건물","평당동서3로","98","효빈광역시 남구 평당6동(평당동)","-34960","10824"
"애마초","일반건물","평당북로","106","효빈광역시 남구 고당동(평당동)","-33347","10829"
"빙천역","지하철역","고성로","24","효빈광역시 남구 고당동(고간동)","-33670","10869"
"세이라아파트","일반건물","운양로","82","효빈광역시 남구 항1동(항동1가)","-31980","10885"
"평당라피아노2단지","일반건물","중앙로","103","효빈광역시 남구 어간3동(운양동)","-32341","10895"
"평당주공1단지","일반건물","평당북로","135","효빈광역시 남구 고당동(평당동)","-33106","10911"
"평당지원더뷰아파트","일반건물","남구청로","215","효빈광역시 남구 평당6동(평당동)","-34323","10917"
"평당라피아노1단지","일반건물","우포로","82","효빈광역시 남구 고당동(평당동)","-32850","10987"
"능남공원","일반건물","문화로","48","효빈광역시 남구 평당7동(평당동)","-36033","10993"
"능남역","지하철역","문화로","19","효빈광역시 남구 평당7동(평당동)","-35966","10994"
"평당아이파크2단지","일반건물","평당중앙로","153","효빈광역시 남구 평당7동(평당동)","-35598","11006"
"능남아파트","일반건물","평당동서2로","92","효빈광역시 남구 평당7동(평당동)","-35848","11022"
"평당휴엔하임아파트","일반건물","효빈공단로","55","효빈광역시 남구 어간3동(운양동)","-32531","11024"
"운양중앙역","지하철역","효빈공단로","26","효빈광역시 남구 어간3동(운양동)","-32450","11025"
"평당아이파크1단지","일반건물","평당역로","152","효빈광역시 남구 평당6동(평당동)","-35265","11043"
"항동희가로아파트","일반건물","운양로","50","효빈광역시 남구 항1동(항동1가)","-31845","11057"
"중천초","일반건물","중앙로","43","효빈광역시 남구 항1동(항동1가)","-32194","11069"
"설채초","일반건물","평당동서3로","71","효빈광역시 남구 평당6동(평당동)","-34931","11090"
"고당동행정복지센터","일반건물","평당북로","34","효빈광역시 남구 고당동(고간동)","-33276","11102"
"평당해안아파트(예정)","일반건물","기계산업로","113","효빈광역시 남구 평당7동(평당동)","-36421","11117"
"서신포역","지하철역","어간로","17","효빈광역시 남구 항1동(항동1가)","-31610","11171"
"평당주공2단지","일반건물","청련로","122","효빈광역시 남구 고당동(평당동)","-33091","11188"
"효빈무역회관","일반건물","효빈항로","190","효빈광역시 남구 항1동(항동1가)","-31225","11241"
"항1동행정복지센터","일반건물","어간로","43","효빈광역시 남구 항1동(항동1가)","-31669","11252"
"소안고","일반건물","고간로","72","효빈광역시 남구 평당6동(평당동)","-35001","11275"
"효빈항물류지구역","지하철역","효빈항로","101","효빈광역시 남구 항1동(항동1가)","-31318","11287"
"평당6동주민센터역","지하철역","고간로","3","효빈광역시 남구 평당6동(평당동)","-35307","11344"
"산리아파트","일반건물","고간로","60","효빈광역시 남구 평당6동(평당동)","-35442","11407"
"평당주공3단지","일반건물","고간로","73","효빈광역시 남구 고당동(고간동)","-33048","11418"
"앵판초","일반건물","문화로","9","효빈광역시 남구 평당6동(평당동)","-35999","11420"
"평남중","일반건물","기계산업로","58","효빈광역시 남구 평당6동(평당동)","-35856","11452"
"효빈남초","일반건물","평당관통로","62","효빈광역시 남구 고당동(고간동)","-33367","11563"
"분덕역","지하철역","효빈항로","58","효빈광역시 남구 항1동(항동1가)","-31387","11593"
"타운힐스평당아파트","일반건물","고성로","167","효빈광역시 남구 고당동(고간동)","-33864","11619"
"남구초","일반건물","기계산업로","93","효빈광역시 남구 고당동(고간동)","-34196","11628"
"씨파라디아아파트","일반건물","우포로","61","효빈광역시 남구 고당동(평당동)","-32832","11639"
"고간중","일반건물","고성로","74","효빈광역시 남구 고당동(고간동)","-33623","11649"
"리어공원","일반건물","기계산업로","24","효빈광역시 남구 고당동(고간동)","-34080","11670"
"포장초","일반건물","평당동서2로","92","효빈광역시 남구 평당6동(평당동)","-35849","11676"
"박산정광플러스원아파트","일반건물","효빈공단로","115","효빈광역시 남구 월천동(박산동)","-32597","11679"
"평당우방아이유쉘아파트","일반건물","평당중앙2로","53","효빈광역시 남구 평당6동(평당동)","-36094","11700"
"고당역","지하철역","고성로","4","효빈광역시 남구 고당동(고간동)","-33701","11710"
"평당이라이아파트","일반건물","평당동서2로","68","효빈광역시 남구 평당6동(평당동)","-35690","11724"
"효빈남고","일반건물","고당로","66","효빈광역시 남구 고당동(고간동)","-33357","11755"
"운촌역","지하철역","고당로","11","효빈광역시 남구 월천동","-32469","11826"
"평당풍림아이원아파트","일반건물","고당로","86","효빈광역시 남구 고당동(고간동)","-33803","11911"
"자이르네평당아파트","일반건물","고당로","96","효빈광역시 남구 고당동(고간동)","-34006","11922"
"항동문화회관역","지하철역","어간로","74","효빈광역시 남구 항1동(항동1가)","-31548","11963"
"평당두레라움아파트","일반건물","평당동서2로","112","효빈광역시 남구 평당6동(평당동)","-35875","12041"
"강번공원","일반건물","기계산업로","239","효빈광역시 남구 고당동(고간동)","-33868","12072"
"박산더웰아파트(2026예정)","일반건물","우포로","113","효빈광역시 남구 월천동(박산동)","-32835","12220"
"박산역","지하철역","효빈공단로","11","효빈광역시 남구 월천동(박산동)","-32473","12330"
"내항비치아파트 1단지","일반건물","내항로","285","효빈광역시 중구 내항동","-30945","12440"
"내항비치아파트2단지(2030)","일반건물","내항로","172","효빈광역시 중구 내항동","-30692","12553"
"월천역","지하철역","중앙로","17","효빈광역시 남구 월천동","-31272","12658"
"사야역","지하철역","고성로","22","효빈광역시 남구 월천동(박산동)","-33169","12711"
"이파공원","일반건물","기계산업로","75","효빈광역시 남구 월천동(포장동)","-34038","12743"
"박산중고","일반건물","우포로","31","효빈광역시 남구 월천동(박산동)","-32576","12809"
"갑문역","지하철역","중보로","11","효빈광역시 중구 내항동(명일동)","-31041","12848"
"동신역","지하철역","오주로","135","효빈광역시 남구 월천동","-31895","12874"
"기아자동차 효빈공장","일반건물","평당북로","293","효빈광역시 남구 월천동(포장동)","-33541","12915"
"내항관광단지","일반건물","내항로","72","효빈광역시 중구 내항동","-29649","12935"
"박산중고등학교역","지하철역","효빈공단로","11","효빈광역시 남구 월천동(박산동)","-32472","12937"
"명일역","지하철역","중보로","14","효빈광역시 중구 내항동(명일동)","-30742","12965"
"박산초","일반건물","효빈공단로","51","효빈광역시 남구 월천동(박산동)","-32534","13158"
"내항주공1단지","일반건물","중앙로","204","효빈광역시 중구 내항동(명일동)","-31007","13178"
"내항중","일반건물","내항남북로","217","효빈광역시 중구 내항동(명일동)","-30762","13210"
"월천초","일반건물","입빈로","111","효빈광역시 남구 월천동(박산동)","-32251","13240"
"한화솔루션 효빈공장","일반건물","내항남북로","126","효빈광역시 남구 월천동(박산동)","-33121","13275"
"5호선 청덕차량기지","일반건물","노현로","110","효빈광역시 서구 청덕1동(청덕동)","-25856","13309"
"효빈교통공사 5호선 청덕차량기지","일반건물","노현로","118","효빈광역시 서구 청덕1동(청덕동)","-25868","13314"
"내항역","지하철역","중보로","14","효빈광역시 중구 내항동","-30427","13347"
"청덕공원역","지하철역","과진로","10","효빈광역시 서구 청덕1동(청덕동)","-25607","13358"
"7호선 내항차량기지","일반건물","내항동서로","122","효빈광역시 중구 내항동","-29905","13392"
"HD현대중공업","일반건물","내항남북로","197","효빈광역시 남구 월천동(포장동)","-34322","13400"
"현대중공업 효빈공장","일반건물","내항남북로","197","효빈광역시 남구 월천동(포장동)","-34322","13400"
"청덕초","일반건물","과진로","65","효빈광역시 서구 청덕1동(청덕동)","-25552","13404"
"청덕대아","일반건물","과진로","124","효빈광역시 서구 청덕1동(청덕동)","-25493","13547"
"웰천아시아아파트","일반건물","효빈공단로","112","효빈광역시 남구 월천동(신흥동)","-32368","13566"
"월천주공","일반건물","십덕로","153","효빈광역시 남구 월천동","-31433","13578"
"내항시장","일반건물","십덕로","146","효빈광역시 중구 내항동","-30206","13581"
"내항시장역","지하철역","십덕로","108","효빈광역시 중구 내항동","-30264","13619"
"버거킹 월천DT점","일반건물","십덕로","67","효빈광역시 남구 월천동","-31692","13665"
"신흥역","지하철역","우포로","14","효빈광역시 남구 월천동(신흥동)","-32602","13672"
"십덕역","지하철역","중앙로","1","효빈광역시 중구 고도동(십덕동)","-30967","13749"
"금호타이어효빈공장","일반건물","평당북로","68","효빈광역시 남구 월천동(신흥동)","-33319","13763"
"내항동행정복지센터","일반건물","십덕로","49","효빈광역시 중구 내항동","-30255","13776"
"만마루역","지하철역","심동로","4","효빈광역시 중구 내항동","-30048","13797"
"월천지웰","일반건물","오주로","90","효빈광역시 남구 월천동","-31852","13804"
"내항초","일반건물","십덕로","115","효빈광역시 중구 내항동","-30542","13843"
"청덕역 한신더휴 아파트(2027예정)","일반건물","실능로","126","효빈광역시 서구 청덕1동(청덕동)","-25426","13895"
"월천 페리체 아파트","일반건물","팔번로","144","효빈광역시 남구 월천동","-31337","13922"
"신흥자이아파트","일반건물","고성로","76","효빈광역시 남구 월천동(신흥동)","-32364","13922"
"월천 디오르나인아파트","일반건물","오주로","166","효빈광역시 남구 월천동","-31596","13932"
"포장산단","일반건물","현성로","147","효빈광역시 남구 월천동(포장동)","-33618","14009"
"청덕1동행정복지센터","일반건물","과진로","44","효빈광역시 서구 청덕1동(청덕동)","-25661","14032"
"주길면행정복지센터","일반건물","기도대로","34","덕빈북도 기도군 주길면 주길리","-14693","14074"
"구 세관역","지하철역","심동로","3","효빈광역시 중구 고도동","-30043","14142"
"효빈지방병무청","일반건물","심동로","173","효빈광역시 중구 고도동","-30219","14144"
"효빈구세관","일반건물","내항동서로","131","효빈광역시 중구 고도동","-29907","14155"
"효빈서초(예정)","일반건물","통성로","49","효빈광역시 서구 청덕2동(청덕동)","-25106","14185"
"청덕주공","일반건물","호한로","90","효빈광역시 서구 청덕1동(청덕동)","-25896","14190"
"언어중","일반건물","현성로","79","효빈광역시 남구 월천동","-31401","14230"
"박월고","일반건물","오주로","44","효빈광역시 남구 월천동","-31719","14235"
"효빈서중","일반건물","강천로","69","효빈광역시 서구 청덕2동(청덕동)","-24814","14242"
"골만공원","일반건물","중앙로","69","효빈광역시 중구 고도동(십덕동)","-30951","14261"
"신흥아파트","일반건물","현성로","132","효빈광역시 남구 월천동(신흥동)","-32808","14286"
"월천동행정복지센터","일반건물","현성로","139","효빈광역시 남구 월천동(신흥동)","-32309","14292"
"고도역 행복주택","일반건물","고도로","145","효빈광역시 중구 고도동(시북동)","-30556","14296"
"진월천역","지하철역","고성로","40","효빈광역시 남구 월천동","-32029","14314"
"고도역","지하철역","중보로","123","효빈광역시 중구 고도동(시북동)","-30286","14317"
"진월천공단","일반건물","오주로","38","효빈광역시 남구 월천동","-31801","14331"
"진월천공업사거리","일반건물","오주로","38","효빈광역시 남구 월천동","-31801","14331"
"청덕빛여울채","일반건물","실능로","128","효빈광역시 서구 청덕1동(청덕동)","-25437","14353"
"청덕다이버시티아파트","일반건물","통성로","71","효빈광역시 서구 청덕1동(청덕동)","-25222","14370"
"한국산업인력공단 효빈지역본부","일반건물","평당북로","60","효빈광역시 남구 월천동(포장동)","-33313","14393"
"나살리초","일반건물","과진로","68","효빈광역시 서구 청덕1동(청덕동)","-25685","14404"
"청덕 두산위브 리버시티(2026년예정)","일반건물","통성로","132","효빈광역시 서구 청덕2동(청덕동)","-25017","14412"
"화환역","지하철역","화한로","1","효빈광역시 서구 청덕1동(청덕동)","-25827","14438"
"원상아파트","일반건물","도탄로","91","효빈광역시 서구 청덕1동(청덕동)","-25968","14457"
"고도리역","지하철역","심동로","6","효빈광역시 중구 고도동","-30042","14477"
"청덕세라스아파트","일반건물","효빈로","141","효빈광역시 서구 청덕2동(청덕동)","-24729","14495"
"고도초(폐교)","일반건물","내항로","76","효빈광역시 중구 고도동(시남동)","-29948","14529"
"나살리중고등학교","일반건물","과진로","101","효빈광역시 서구 청덕1동(청덕동)","-25718","14564"
"산산초","일반건물","실능로","110","효빈광역시 서구 청덕1동(청덕동)","-25424","14567"
"다판고","일반건물","중보로","73","효빈광역시 중구 고도동(시북동)","-30477","14594"
"소궁공원","일반건물","청련로","90","효빈광역시 남구 월천동(신흥동)","-32923","14604"
"산진초","일반건물","도탄로","81","효빈광역시 서구 청덕1동(청덕동)","-26139","14618"
"이마트 월천점","일반건물","우포로","99","효빈광역시 남구 월천동(신흥동)","-32724","14634"
"진월천 공단","일반건물","고성로","83","효빈광역시 남구 월천동","-31868","14657"
"신흥블렌하임아파트(2029예정)","일반건물","효빈공단로","127","효빈광역시 남구 월천동(신흥동)","-32316","14674"
"효빈서여고","일반건물","오선로","60","효빈광역시 서구 청덕2동(청덕동)","-24793","14763"
"효빈서여자고등학교","일반건물","오선로","60","효빈광역시 서구 청덕2동(청덕동)","-24793","14763"
"시북역","지하철역","심동로","7","효빈광역시 중구 고도동(시남동)","-30043","14764"
"해총대학교","일반건물","과진로","59","효빈광역시 서구 과진6동(과진동)","-25676","14776"
"고도동행정복지센터","일반건물","약맥로","55","효빈광역시 중구 고도동(우이동)","-30239","14819"
"주산초","일반건물","화한로","44","효빈광역시 서구 과진6동(과진동)","-25988","14855"
"효빈보훈병원","일반건물","효빈로","71","효빈광역시 서구 청덕2동(청덕동)","-24512","14876"
"청덕2동행정복지센터","일반건물","청고로","118","효빈광역시 서구 청덕2동(청덕동)","-24369","14895"
"효빈공단역","지하철역","우포로","10","효빈광역시 남구 월천동(신흥동)","-32618","14896"
"효빈체육중고등학교","일반건물","통성로","125","효빈광역시 서구 청덕2동(청덕동)","-25015","14945"
"효빈체육고등학교","일반건물","통성로","125","효빈광역시 서구 청덕2동(청덕동)","-25015","14945"
"아니르아파트","일반건물","실능로","130","효빈광역시 서구 과진6동(과진동)","-25437","14958"
"약맥경공업단지","일반건물","약맥로","93","효빈광역시 중구 약맥동","-30993","14960"
"약맥초","일반건물","약맥로","93","효빈광역시 중구 고도동(시북동)","-30640","14963"
"과진 헤링턴 플레이스","일반건물","도탄로","123","효빈광역시 서구 과진6동(과진동)","-26180","14980"
"시남역","지하철역","심동로","7","효빈광역시 중구 고도동(시남동)","-30045","14992"
"삼각중","일반건물","중보로","56","효빈광역시 중구 고도동(우이동)","-30342","14996"
"중촌대학교","일반건물","통성로","54","효빈광역시 서구 청덕2동(청덕동)","-25195","14997"
"중촌대서문","일반건물","통성로","54","효빈광역시 서구 청덕2동(청덕동)","-25195","14997"
"효빈보훈공단","일반건물","효빈로","55","효빈광역시 서구 청덕2동(청덕동)","-24527","15003"
"청덕역 푸르지오 1단지(2028예정)","일반건물","효빈로","122","효빈광역시 서구 청덕2동(청덕동)","-24704","15020"
"신흥초","일반건물","우포로","56","효빈광역시 남구 월천동(신흥동)","-32573","15025"
"청덕레인보우타운아파트","일반건물","고송해안로","118","효빈광역시 서구 청덕3동(청덕동)","-23708","15035"
"약맥역","지하철역","중앙로","5","효빈광역시 중구 약맥동","-30795","15048"
"서구중","일반건물","구창로","148","효빈광역시 서구 청덕3동(청덕동)","-24092","15073"
"서구초","일반건물","청고로","38","효빈광역시 서구 청덕3동(청덕동)","-24215","15083"
"우이역","지하철역","우이로","3","효빈광역시 중구 고도동(우이동)","-30272","15120"
"한국전력공사 효빈본부","일반건물","화한로","58","효빈광역시 서구 과진6동(과진동)","-25962","15145"
"중만산","일반건물","공항로","268","덕빈북도 기도군 염곡면 중만리","-21116","15185"
"운촌초","일반건물","과진로","33","효빈광역시 서구 과진6동(과진동)","-25584","15201"
"신산더샵","일반건물","공항로","252","덕빈북도 기도군 염곡면 신산리","-20275","15204"
"건보심평원 효빈지원","일반건물","고중로","61","효빈광역시 서구 청덕2동(청덕동)","-24375","15217"
"신북중","일반건물","청덕로","52","효빈광역시 서구 과진6동(과진동)","-25370","15240"
"효빈산업과학혁신원","일반건물","청덕로","46","효빈광역시 서구 과진6동(과진동)","-25852","15244"
"약맥데르아아파트","일반건물","우이로","127","효빈광역시 중구 약맥동(일향동)","-30591","15246"
"투유아파트","일반건물","우이로","121","효빈광역시 남구 월천동","-31613","15246"
"우리아파트","일반건물","효빈공단로","115","효빈광역시 청엽구 입빈동(입동1가)","-32324","15249"
"와이아파트","일반건물","우이로","127","효빈광역시 남구 월천동","-31359","15251"
"한전KDN효빈본부","일반건물","청덕로","33","효빈광역시 서구 과진6동(과진동)","-25990","15257"
"등동중고등학교","일반건물","효빈공단로","69","효빈광역시 청엽구 입빈동(입동1가)","-32508","15265"
"고청사거리","일반건물","청고로","5","효빈광역시 서구(청덕동)","-24259","15288"
"송덕역","지하철역","고중로","27","효빈광역시 서구 청덕3동(청덕동)","-23820","15294"
"맥도날드 과진DT","일반건물","과진로","36","효빈광역시 서구 과진6동(과진동)","-25581","15328"
"청덕우체국","일반건물","구창로","41","효빈광역시 서구 청덕3동(청덕동)","-23988","15334"
"과진1","일반건물","청덕로","61","효빈광역시 서구 과진7동(과진동)","-25081","15352"
"우이문화촌역","지하철역","중보로","2","효빈광역시 중구 고도동(우이동)","-30386","15354"
"효빈과학기술원역","지하철역","도탄로","7","효빈광역시 서구 과진6동(과진동)","-26048","15366"
"우이문화촌","일반건물","중보로","66","효빈광역시 중구 약맥동(일향동)","-30449","15381"
"청덕 하나리움2단지","일반건물","고송해안로","90","효빈광역시 서구 청덕3동(청덕동)","-23681","15393"
"과진중앙역","지하철역","청덕로","103","효빈광역시 서구 과진6동(과진동)","-25353","15395"
"과진아쿠아 1단지","일반건물","청덕로","114","효빈광역시 서구 과진6동(과진동)","-26189","15403"
"효빈과기원","일반건물","청덕로","114","효빈광역시 서구 과진6동(과진동)","-25872","15404"
"효빈과학기술원","일반건물","청덕로","119","효빈광역시 서구 과진6동(과진동)","-25838","15409"
"청덕 서희스타힐스","일반건물","청고로","107","효빈광역시 서구 청덕3동(청덕동)","-24149","15423"
"고송 아쿠아 1단지","일반건물","이달로","107","효빈광역시 북구 고송1동(고송동)","-23260","15426"
"고송나루역","지하철역","고송대로","2","효빈광역시 북구 고송1동(고송동)","-23092","15434"
"유이문화촌","일반건물","중앙로","136","효빈광역시 중구 약맥동(일향동)","-30549","15440"
"청덕역","지하철역","고중로","11","효빈광역시 서구 청덕3동(청덕동)","-24560","15446"
"심동주공2단지","일반건물","내항로","97","효빈광역시 중구 중앙동(심동1가)","-30120","15449"
"고송 댜방디엠시티","일반건물","이달로","78","효빈광역시 북구 고송3동(고송동)","-23445","15457"
"과진제일풍경채아파트","일반건물","고중로","132","효빈광역시 서구 과진7동(과진동)","-24733","15459"
"중만도역","지하철역","공항로","12","덕빈북도 기도군 염곡면 중만리","-21070","15462"
"과진6동행정복지센터","일반건물","과진로","122","효빈광역시 서구 과진6동(과진동)","-25495","15462"
"고송대방디엠시티","일반건물","이달로","107","효빈광역시 북구 고송3동(고송동)","-23472","15466"
"노드치과","일반건물","구창로","24","효빈광역시 서구 청덕3동(청덕동)","-23973","15477"
"심동역","지하철역","심동로","17","효빈광역시 중구 중앙동(심동1가)","-30018","15495"
"내성학교","일반건물","오주로","123","효빈광역시 남구 월천동","-31622","15496"
"신산역","지하철역","공항로","148","덕빈북도 기도군 염곡면 신산리","-19901","15501"
"창선중","일반건물","중보로","55","효빈광역시 중구 중앙동(심동1가)","-30368","15506"
"맥도날드 청덕DT","일반건물","청고로","45","효빈광역시 서구 청덕3동(청덕동)","-24301","15524"
"주양역","지하철역","주양로","183","덕빈북도 기도군 염곡면 주양리","-18054","15542"
"미아초","일반건물","구창로","102","효빈광역시 서구 청덕3동(청덕동)","-23848","15548"
"청덕하나리움1단지","일반건물","고송해안로","83","효빈광역시 서구 청덕3동(청덕동)","-23674","15549"
"신산 빛여울채","일반건물","공항로","95","덕빈북도 기도군 염곡면 신산리","-20084","15552"
"고송나루역 마이고 아파트","일반건물","오선로","139","효빈광역시 북구 고송1동(고송동)","-22830","15553"
"관협공원","일반건물","효빈공단로","53","효빈광역시 청엽구 입빈동(입동1가)","-32389","15553"
"효빈유람선 입동선착장","일반건물","당찬로","76","효빈광역시 청엽구 등동","-33108","15556"
"심동주공1단지","일반건물","중보로","125","효빈광역시 중구 중앙동(심동1가)","-30131","15564"
"청덕3동행정복지센터","일반건물","구창로","31","효빈광역시 서구 청덕3동(청덕동)","-23981","15599"
"중만초","일반건물","공항로","119","덕빈북도 기도군 염곡면 중만리","-21205","15605"
"과진아쿠아2단지","일반건물","노현로","168","효빈광역시 서구 과진6동(과진동)","-26228","15614"
"효빈은행과진점","일반건물","통성로","35","효빈광역시 서구 과진7동(과진동)","-25183","15621"
"심동1가역","지하철역","중보로","10","효빈광역시 중구 중앙동(심동1가)","-30253","15621"
"유이소바","일반건물","중앙로","158","효빈광역시 중구 약맥동(일향동)","-30494","15641"
"인서고","일반건물","이달로","76","효빈광역시 북구 고송1동(고송동)","-23141","15645"
"곽소초","일반건물","이달로","44","효빈광역시 북구 고송1동(고송동)","-23228","15650"
"서효빈병원","일반건물","구창로","18","효빈광역시 서구 청덕3동(청덕동)","-23969","15656"
"근로복지공단 효빈지사","일반건물","중앙로","37","효빈광역시 중구 약맥동(일향동)","-30686","15676"
"토모리 해수욕장","일반건물","오선로","30","효빈광역시 북구 고송1동(고송동)","-22439","15686"
"토모리해수욕장역","지하철역","오선로","3","효빈광역시 북구 고송1동(고송동)","-22141","15690"
"신산초","일반건물","공항로","42","덕빈북도 기도군 염곡면 신산리","-19884","15691"
"과진2","일반건물","통성로","54","효빈광역시 서구 과진7동(과진동)","-25094","15691"
"유이아파트","일반건물","중보로","114","효빈광역시 중구 약맥동(일향동)","-30333","15691"
"송진공원","일반건물","노현로","43","효빈광역시 서구 당선3동(당선동)","-26439","15693"
"코코로","일반건물","심동로","60","효빈광역시 중구 중앙동(심동1가)","-30032","15699"
"효빈북고","일반건물","청고로","83","효빈광역시 서구 청덕3동(청덕동)","-24175","15710"
"입동역","지하철역","우포로","8","효빈광역시 청엽구 입빈동(입동1가)","-32623","15719"
"영풍문고 청덕점","일반건물","구창로","32","효빈광역시 서구 청덕3동(청덕동)","-23984","15732"
"과진사이언스시티아파트","일반건물","송진로","61","효빈광역시 서구 과진4동(과진동)","-25874","15738"
"염곡역","지하철역","염곡중앙로","176","덕빈북도 기도군 염곡면 염곡리","-16033","15746"
"과진7동행정복지센터","일반건물","송진로","40","효빈광역시 서구 과진7동(과진동)","-24976","15757"
"과진우체국","일반건물","통성로","25","효빈광역시 서구 과진7동(과진동)","-25174","15757"
"사랑병원","일반건물","송진로","35","효빈광역시 서구 과진6동(과진동)","-25485","15763"
"대흥아파트","일반건물","중보로","139","효빈광역시 중구 약맥동(삼각동)","-30321","15765"
"효빈유람선 당선선착장","일반건물","당선해안로","147","효빈광역시 서구 당선3동(당선동)","-26683","15799"
"약맥동행정복지센터","일반건물","악내로","109","효빈광역시 중구 약맥동(목동)","-30913","15808"
"효빈교통공사 중구 별관","일반건물","중앙로","64","효빈광역시 중구 약맥동(삼각동)","-30690","15816"
"버거킹 과진DT점","일반건물","도탄로","35","효빈광역시 서구 과진4동(과진동)","-26017","15837"
"신산 푸르지오아파트","일반건물","공항로","194","덕빈북도 기도군 염곡면 신산리","-19898","15843"
"심동아파트","일반건물","중보로","86","효빈광역시 중구 중앙동(심동2가)","-30218","15849"
"신영초","일반건물","이달로","135","효빈광역시 북구 고송1동(고송동)","-23068","15863"
"고송sk뷰 2단지","일반건물","송진로","75","효빈광역시 북구 고송3동(고송동)","-23743","15868"
"신한은행 청덕점","일반건물","송진로","86","효빈광역시 북구 고송3동(고송동)","-24057","15880"
"운진중","일반건물","송진로","85","효빈광역시 서구 과진4동(과진동)","-25805","15884"
"심동2가역","지하철역","중보로","21","효빈광역시 중구 중앙동(심동2가)","-30118","15902"
"심동초","일반건물","중앙로","198","효빈광역시 중구 중앙동(심동2가)","-30320","15905"
"과진더샵1단지","일반건물","고중로","110","효빈광역시 서구 과진7동(과진동)","-25043","15910"
"대람호텔","일반건물","구창로","12","효빈광역시 북구 고송3동(고송동)","-23966","15920"
"과한초","일반건물","과진로","49","효빈광역시 서구 과진3동(과진동)","-25568","15925"
"은안초","일반건물","당선해안로","52","효빈광역시 서구 당선3동(당선동)","-26520","15929"
"토모리비치아파트","일반건물","오선로","228","효빈광역시 북구 고송1동(고송동)","-22267","15941"
"건강보험공단역","지하철역","고송대로","4","효빈광역시 북구 고송1동(고송동)","-23499","15961"
"청덕 푸르지오","일반건물","청고로","106","효빈광역시 서구 청덕3동(청덕동)","-24366","15971"
"파리바게뜨 고송점","일반건물","구창로","52","효빈광역시 북구 고송3동(고송동)","-24007","16018"
"오주역","지하철역","오주로","6","효빈광역시 청엽구 입빈동(입동3가)","-31647","16026"
"삼각역","지하철역","악내로","10","효빈광역시 중구 약맥동(삼각동)","-30797","16027"
"입동삼거리","일반건물","효빈공단로","42","효빈광역시 청엽구 입빈동(입동1가)","-32404","16040"
"시남초","일반건물","시서로","188","효빈광역시 북구 고송1동(고송동)","-22342","16044"
"오즈아파트","일반건물","송진로","248","효빈광역시 서구 과진3동(과진동)","-25309","16046"
"입동아파트","일반건물","상자로","136","효빈광역시 청엽구 입빈동(입동3가)","-32004","16046"
"빈선초","일반건물","오주로","124","효빈광역시 청엽구 입빈동(입동3가)","-31509","16050"
"건보사거리","일반건물","고송해안로","83","효빈광역시 북구 고송3동(고송동)","-23675","16053"
"고송 휴먼빌","일반건물","이달로","194","효빈광역시 북구 고송1동(고송동)","-23099","16054"
"건강보험공단 효빈북부지사","일반건물","고송해안로","87","효빈광역시 북구 고송3동(고송동)","-23679","16056"
"과진초중학교","일반건물","고중로","115","효빈광역시 서구 과진7동(과진동)","-25105","16058"
"애프터글로우","일반건물","중앙로","79","효빈광역시 중구 약맥동(삼각동)","-30550","16060"
"고송 골든렉시움","일반건물","시서로","175","효빈광역시 북구 고송1동(고송동)","-22705","16069"
"당선고","일반건물","당선해안로","59","효빈광역시 서구 당선4동(당선동)","-26900","16072"
"신산데시앙아파트","일반건물","주안로","120","덕빈북도 기도군 염곡면 주양리","-18344","16075"
"중앙로1가역","지하철역","심동로","1","효빈광역시 중구 중앙동(중앙로1가)","-29848","16077"
"뚜레쥬르 고송점","일반건물","구창로","95","효빈광역시 북구 고송3동(고송동)","-23861","16082"
"청덕 아이파크","일반건물","청고로","92","효빈광역시 서구 청덕3동(청덕동)","-24169","16082"
"한국마사회 효빈지사","일반건물","상자로","99","효빈광역시 중구 약맥동(목동)","-31134","16082"
"창선한정식","일반건물","창선2로","89","효빈광역시 중구 중앙동(창선동3가)","-30280","16083"
"토모고","일반건물","시서로","65","효빈광역시 북구 고송1동(고송동)","-22465","16084"
"고송골든체시움","일반건물","시서로","16","효빈광역시 북구 고송1동(고송동)","-22546","16084"
"효빈본부세관","일반건물","심동로","58","효빈광역시 중구 중앙동(중앙로1가)","-29780","16086"
"당선중","일반건물","무창로","46","효빈광역시 서구 당선3동(당선동)","-26794","16087"
"당선 아쿠아 아파트 1단지","일반건물","당선해안로","165","효빈광역시 서구 당선3동(당선동)","-26564","16099"
"당선 중앙하이츠아파트","일반건물","당선해안로","167","효빈광역시 서구 당선4동(당선동)","-27244","16099"
"SC제일은행 고송점","일반건물","구창로","16","효빈광역시 북구 고송3동(고송동)","-23972","16100"
"과진아이보시티","일반건물","효빈로","122","효빈광역시 서구 과진1동(과진동)","-24690","16102"
"개항지","일반건물","고중로","105","효빈광역시 중구 중앙동(중앙로1가)","-29640","16112"
"효빈서고","일반건물","노현로","100","효빈광역시 서구 과진5동(과진동)","-26298","16128"
"고송엔제르","일반건물","고송대로","96","효빈광역시 북구 고송1동(고송동)","-23493","16140"
"과진데시앙아파트","일반건물","과진로","117","효빈광역시 서구 과진3동(과진동)","-25500","16150"
"버거킹 토모리점","일반건물","토모리로","40","효빈광역시 북구 고송1동(고송동)","-22108","16154"
"과진시영아파트","일반건물","도탄로","108","효빈광역시 서구 과진5동(과진동)","-26159","16159"
"과진주공1단지","일반건물","칠라로","158","효빈광역시 서구 과진4동(과진동)","-25813","16164"
"청덕중고등학교","일반건물","청고로","68","효빈광역시 서구 청덕3동(청덕동)","-24329","16166"
"효빈중부경찰서","일반건물","창선2로","73","효빈광역시 중구 중앙동(창선동3가)","-30156","16187"
"효빈미술관","일반건물","중보로","42","효빈광역시 중구 중앙동(훈동)","-29918","16200"
"고송휴먼시아2단지","일반건물","칠라로","104","효빈광역시 북구 고송3동(고송동)","-23759","16205"
"성내초","일반건물","고중로","106","효빈광역시 서구 당선4동(당선동)","-27114","16209"
"롯데시네마 효빈점","일반건물","중앙로","144","효빈광역시 중구 약맥동(삼각동)","-30525","16215"
"과진 더샵 2단지","일반건물","고중로","92","효빈광역시 서구 과진3동(과진동)","-25143","16225"
"창선역","지하철역","중앙로","0","효빈광역시 중구 중앙동(창선동3가)","-30340","16233"
"효빈중앙로해양파출소","일반건물","운중로","55","효빈광역시 중구 중앙동(중앙로1가)","-29563","16235"
"조능병원","일반건물","중보로","42","효빈광역시 중구 중앙동(창선동1가)","-30005","16236"
"주음공원","일반건물","팔번로","48","효빈광역시 청엽구 입빈동(입동3가)","-31418","16240"
"개항지역","지하철역","고중로","6","효빈광역시 중구 중앙동(중앙로1가)","-29632","16250"
"효빈서부소방서","일반건물","당선로","26","효빈광역시 서구 당선4동(당선동)","-27545","16252"
"웰탄아파트","일반건물","토천로","116","효빈광역시 북구 고송1동(고송동)","-22335","16253"
"상미공원","일반건물","오주로","45","효빈광역시 청엽구 입빈동(입동3가)","-31604","16258"
"고송3동행정복지센터","일반건물","구창로","27","효빈광역시 북구 고송3동(고송동)","-23983","16262"
"모르포니카","일반건물","고중로","103","효빈광역시 중구 중앙동(중앙로1가)","-29464","16271"
"입동초","일반건물","상자로","98","효빈광역시 청엽구 입빈동(입동3가)","-31987","16280"
"한국소비자원 효빈지원","일반건물","고중로","34","효빈광역시 중구 중앙동(창선동1가)","-30093","16281"
"롯데백화점 효빈점","일반건물","창선2로","94","효빈광역시 중구 중앙동(창선동2가)","-30434","16282"
"삼각역 더샵 아파트(2029)","일반건물","상자로","104","효빈광역시 중구 약맥동(목동)","-31089","16285"
"효빈중앙초","일반건물","운중로","69","효빈광역시 중구 중앙동(중앙로2가)","-29722","16291"
"리에라스테이","일반건물","중보로","71","효빈광역시 중구 중앙동(훈동)","-29896","16303"
"모지게이","일반건물","고중로","79","효빈광역시 중구 약맥동(오주동)","-30583","16329"
"과진3동행정복지센터","일반건물","칠라로","13","효빈광역시 서구 과진3동(과진동)","-25312","16332"
"효빈광역시 사회서비스원","일반건물","칠라로","31","효빈광역시 서구 과진4동(과진동)","-25667","16352"
"효빈서부셩찰서","일반건물","칠라로","38","효빈광역시 서구 과진4동(과진동)","-25967","16361"
"효빈문화회관","일반건물","고중로","49","효빈광역시 중구 중앙동(창선동2가)","-30313","16368"
"과진4동행정복지센터","일반건물","칠라로","47","효빈광역시 서구 과진4동(과진동)","-25786","16369"
"팔레트","일반건물","고중로","84","효빈광역시 중구 중앙동(소장동2가)","-29381","16370"
"당선 아쿠아 2단지","일반건물","고중로","116","효빈광역시 서구 당선3동(당선동)","-26567","16371"
"러브라이브","일반건물","중보로","32","효빈광역시 중구 중앙동(창선동1가)","-30004","16377"
"효빈서부경찰서","일반건물","칠라로","56","효빈광역시 서구 과진4동(과진동)","-25994","16379"
"금융감독원 효빈덕북지원","일반건물","고중로","37","효빈광역시 중구 중앙동(창선동1가)","-30178","16381"
"금융감독원 효빈지사","일반건물","고중로","37","효빈광역시 중구 중앙동(창선동1가)","-30178","16381"
"재당초","일반건물","고송대로","45","효빈광역시 북구 고송3동(고송동)","-23796","16396"
"과성초","일반건물","과진로","28","효빈광역시 서구 과진4동(과진동)","-25589","16403"
"고송1동행정복지센터","일반건물","토천로","45","효빈광역시 북구 고송1동(고송동)","-23018","16412"
"고송다이버아파트","일반건물","토천로","51","효빈광역시 북구 고송1동(고송동)","-22411","16420"
"효빈유람선 북구선착장","일반건물","토모리로","58","효빈광역시","-22233","16422"
"과진아이아파트","일반건물","칠라로","104","효빈광역시 서구 과진3동(과진동)","-25426","16424"
"헬로해피월드","일반건물","중앙로","80","효빈광역시 중구 중앙동(창선동1가)","-30111","16427"
"베르가모","일반건물","고중로","27","효빈광역시 중구 약맥동(오주동)","-30586","16435"
"입빈동행정복지센터","일반건물","고중로","52","효빈광역시 청엽구 입빈동(입동3가)","-31907","16436"
"엘린아파트","일반건물","토천로","70","효빈광역시 북구 고송1동(고송동)","-22824","16437"
"이마트24 중앙로로터리점","일반건물","고중로","112","효빈광역시 중구 중앙동(중앙로3가)","-29598","16440"
"에스텍스아파트","일반건물","칠라로","131","효빈광역시 서구 과진3동(과진동)","-25277","16450"
"씨더스","일반건물","고중로","60","효빈광역시 중구 중앙동(소장동2가)","-29321","16453"
"당선초","일반건물","무창로","110","효빈광역시 서구 당선3동(당선동)","-26860","16455"
"국민은행중앙로점","일반건물","운중로","78","효빈광역시 중구 중앙동(훈동)","-29860","16459"
"효빈유람선 중구선착장","일반건물","고중로","97","효빈광역시 중구 중앙동(소장동2가)","-29254","16462"
"과진역","지하철역","고중로","23","효빈광역시 서구 과진3동(과진동)","-25160","16464"
"서구보건소","일반건물","도탄로","77","효빈광역시 서구 과진4동(과진동)","-25972","16467"
"서여초","일반건물","시서로","90","효빈광역시 북구 고송1동(고송동)","-22627","16468"
"오주 아이파크 아파트","일반건물","고중로","72","효빈광역시 중구 약맥동(오주동)","-30897","16470"
"단산사","일반건물","창선2로","52","효빈광역시 중구 중앙동(창선동2가)","-30396","16475"
"어신공원","일반건물","고중로","68","효빈광역시 중구 중앙동(원동2가)","-30547","16477"
"모카초","일반건물","고중로","104","효빈광역시 청엽구 입빈동(입동3가)","-31857","16488"
"과진1동행정복지센터","일반건물","효빈로","169","효빈광역시 서구 과진1동(과진동)","-24740","16489"
"중앙로3가역","지하철역","운중로","11","효빈광역시 중구 중앙동(중앙로3가)","-29772","16490"
"당선아파트","일반건물","고중로","165","효빈광역시 서구 당선4동(당선동)","-27698","16492"
"과진주공2단지","일반건물","칠라로","173","효빈광역시 서구 과진5동(과진동)","-26224","16498"
"고송현대아파트","일반건물","고송해안로","103","효빈광역시 북구 고송2동(고송동)","-23490","16504"
"염곡신도시중앙","일반건물","주안로","29","덕빈북도 기도군 염곡면","-16892","16507"
"서구 구영아파트","일반건물","고중로","117","효빈광역시 서구 당선4동(당선동)","-27791","16507"
"효빈북중","일반건물","구창로","65","효빈광역시 북구 고송3동(고송동)","-23890","16509"
"하나은행 효빈중앙로지점","일반건물","고중로","114","효빈광역시 중구 중앙동(소장동2가)","-29519","16512"
"고송이편한세상1단지","일반건물","청고로","93","효빈광역시 북구 고송4동(고송동)","-24171","16514"
"과진자이2단지","일반건물","칠라로","198","효빈광역시 서구 과진1동(과진동)","-24815","16514"
"맥도날드 북고송토모리DT","일반건물","이달로","45","효빈광역시 북구 고송1동(고송동)","-22961","16524"
"과진자이1단지","일반건물","고송동서로","137","효빈광역시 서구 과진1동(과진동)","-24971","16526"
"효빈 컬쳐레스풀","일반건물","효빈공단로","80","효빈광역시 청엽구 입빈동(입동2가)","-32370","16539"
"중앙동행정복지센터","일반건물","운중로","146","효빈광역시 중구 중앙동(중앙로3가)","-29651","16554"
"파스텔호텔","일반건물","중앙로","47","효빈광역시 중구 중앙동(원동3가)","-30177","16555"
"입빈중고","일반건물","오주로","137","효빈광역시 청엽구 입빈동(입동3가)","-31576","16560"
"고송휴먼시아1단지","일반건물","고송해안로","62","효빈광역시 북구 고송3동(고송동)","-23655","16566"
"효빈교회","일반건물","중보로","39","효빈광역시 중구 중앙동(지유동1가)","-30024","16568"
"로젤리아","일반건물","창선2로","64","효빈광역시 중구 중앙동(원동2가)","-30399","16570"
"당선 아쿠아 3단지","일반건물","무창로","37","효빈광역시 서구 당선3동(당선동)","-26731","16572"
"운중거리","일반건물","운중로","29","효빈광역시 중구 중앙동(훈동)","-29884","16572"
"단창장","일반건물","창선2로","41","효빈광역시 중구 중앙동(원동2가)","-30505","16573"
"입동 주공아파트 1단지","일반건물","입빈로","98","효빈광역시 청엽구 입빈동(입동2가)","-32053","16575"
"이마트24 원동3가점","일반건물","중앙로","146","효빈광역시 중구 중앙동(원동3가)","-30274","16588"
"고송래미안1단지","일반건물","효빈로","122","효빈광역시 북구 고송4동(고송동)","-24450","16604"
"GS25 운중거리점","일반건물","운중로","59","효빈광역시 중구 중앙동(지유동1가)","-29797","16604"
"등동주공","일반건물","엽월대로","64","효빈광역시 청엽구 등동","-33240","16616"
"구보공원","일반건물","팔번로","90","효빈광역시 중구 약맥동(목동)","-31277","16620"
"당선4동행정복지센터","일반건물","당선로","99","효빈광역시 서구 당선4동(당선동)","-27420","16627"
"과송역","지하철역","효빈로","3","효빈광역시 북구 고송4동(고송동)","-24576","16628"
"농협은행 효빈중앙로점","일반건물","중앙로","44","효빈광역시 중구 중앙동(지유동2가)","-30115","16640"
"고송시영1단지","일반건물","이달로","98","효빈광역시 북구 고송1동(고송동)","-22821","16643"
"CU 효빈중앙로점","일반건물","고중로","113","효빈광역시 중구 중앙동(소장동2가)","-29366","16643"
"과진에시앙","일반건물","고중로","104","효빈광역시 서구 과진3동(과진동)","-25459","16645"
"GS25 소장해변점","일반건물","고중로","35","효빈광역시 중구 중앙동(소장동1가)","-29140","16645"
"소장해변공원","일반건물","고중로","35","효빈광역시 중구 중앙동(소장동1가)","-29140","16645"
"다이소 과진자이점","일반건물","고송동서로","78","효빈광역시 서구 과진1동(과진동)","-25029","16646"
"효빈지방중소벤처기업청","일반건물","창선2로","33","효빈광역시 중구 중앙동(원동2가)","-30442","16652"
"과진고","일반건물","고중로","97","효빈광역시 서구 과진4동(과진동)","-25746","16653"
"당선2아파트","일반건물","주촌로","231","효빈광역시 서구 당선4동(당선동)","-27265","16654"
"효빈서중","일반건물","고중로","89","효빈광역시 서구 과진4동(과진동)","-25854","16662"
"효빈서초","일반건물","도탄로","29","효빈광역시 서구 과진5동(과진동)","-26019","16665"
"중앙아파트","일반건물","고중로","261","효빈광역시 중구 중앙동(중앙로4가)","-29558","16672"
"고송 대라수 아파트","일반건물","고송중앙로","82","효빈광역시 북구 고송1동(고송동)","-23107","16673"
"청남초","일반건물","우포로","90","효빈광역시 청엽구 입빈동(입동2가)","-32542","16705"
"선샤인","일반건물","고중로","214","효빈광역시 중구 중앙동(소장동2가)","-29439","16714"
"등동행정복지센터","일반건물","당찬로","23","효빈광역시 청엽구 등동","-33040","16724"
"MBC효빈","일반건물","중앙로","37","효빈광역시 중구 중앙동(지유동2가)","-30045","16731"
"효빈은행 중앙로지점","일반건물","중앙로","94","효빈광역시 중구 중앙동(지유동1가)","-29823","16737"
"중앙로 효빈은행(기점)","일반건물","중앙로","94","효빈광역시 중구 중앙동(지유동1가)","-29823","16737"
"GS25 지유동2가점","일반건물","운중로","107","효빈광역시 중구 중앙동(지유동2가)","-30190","16758"
"효빈 대방 아이유쉘","일반건물","앵소로","125","효빈광역시 청엽구 입빈동(효빈동1가)","-31787","16762"
"오주 무지카 아파트(2030)","일반건물","악내로","121","효빈광역시 중구 약맥동(오주동)","-30936","16768"
"당선 중흥S 클래스","일반건물","주촌로","120","효빈광역시 서구 당선3동(당선동)","-26619","16772"
"당선 푸르지오","일반건물","주촌로","116","효빈광역시 서구 당선3동(당선동)","-26897","16773"
"원동초","일반건물","운중로","112","효빈광역시 중구 중앙동(원동4가)","-30333","16775"
"서구청","일반건물","주촌로","92","효빈광역시 서구 당선4동(당선동)","-27421","16791"
"엽월대학교","일반건물","엽월대로","94","효빈광역시 청엽구 등동","-33410","16792"
"효빈경제진흥원","일반건물","운중로","44","효빈광역시 중구 중앙동(지유동2가)","-30135","16803"
"과진5동행정복지센터","일반건물","고중로","55","효빈광역시 서구 과진5동(과진동)","-25930","16806"
"칠천중","일반건물","주촌로","241","효빈광역시 서구 당선4동(당선동)","-27763","16813"
"내성초","일반건물","주촌로","71","효빈광역시 서구 당선1동(당선동)","-27313","16814"
"사야병원","일반건물","고송동서로","55","효빈광역시 서구 과진2동(과진동)","-25162","16834"
"kfc 고송점","일반건물","고송중앙로","90","효빈광역시 북구 고송4동(고송동)","-24470","16842"
"고송초","일반건물","고송대로","80","효빈광역시 북구 고송4동(고송동)","-24086","16845"
"메가박스 고송","일반건물","구창로","65","효빈광역시 북구 고송2동(고송동)","-23889","16848"
"고송2동행정복지센터","일반건물","고송해안로","68","효빈광역시 북구 고송2동(고송동)","-23525","16850"
"고송중","일반건물","청고로","57","효빈광역시 북구 고송4동(고송동)","-24205","16852"
"아좌초","일반건물","고송중앙로","105","효빈광역시 북구 고송2동(고송동)","-23125","16860"
"고송 호반베르디움","일반건물","고송중앙로","115","효빈광역시 북구 고송4동(고송동)","-24742","16866"
"버거킹 등동점","일반건물","앵소로","50","효빈광역시 청엽구 등동","-32894","16867"
"한국은행 효빈점","일반건물","운중로","21","효빈광역시 중구 중앙동(원동1가)","-30537","16869"
"고송우체국","일반건물","고송중앙로","117","효빈광역시 북구 고송2동(고송동)","-23759","16870"
"교보문교 효빈중앙로점","일반건물","중앙로","39","효빈광역시 중구 중앙동(중앙로5가)","-29860","16873"
"고송 시영2단지","일반건물","이달로","117","효빈광역시 북구 고송2동(고송동)","-22807","16878"
"아웃백스테이크 하우스 효빈점","일반건물","청고로","101","효빈광역시 북구 고송4동(고송동)","-24362","16880"
"하내초","일반건물","고송동서로","115","효빈광역시 북구 고송4동(고송동)","-24992","16894"
"고송공원","일반건물","고송중앙로","155","효빈광역시 북구 고송4동(고송동)","-24862","16906"
"새마을금고 효빈중앙로역지점","일반건물","조유로","89","효빈광역시 중구 중앙동(중앙로5가)","-29610","16906"
"(구) 효빈세무서","일반건물","운중로","77","효빈광역시 중구 중앙동(원동4가)","-30095","16917"
"과진2동행정복지센터","일반건물","과진로","71","효빈광역시 서구 과진2동(과진동)","-25546","16919"
"원동4가역","지하철역","중보로","1","효빈광역시 중구 중앙동(원동4가)","-29991","16919"
"청엽외고","일반건물","앵소로","110","효빈광역시 청엽구 등동","-33228","16921"
"사복 빛여울채","일반건물","노현로","118","효빈광역시 서구 사복2동(사복동)","-26282","16927"
"CU 효빈초점","일반건물","소장로","139","효빈광역시 중구 중앙동(소장동2가)","-29384","16932"
"레이즈 어 스이렌","일반건물","운중로","48","효빈광역시 중구 중앙동(원동4가)","-30203","16932"
"우리은행 효빈중앙로역지점","일반건물","조유로","79","효빈광역시 중구 중앙동(소장동2가)","-29524","16948"
"중앙로역","지하철역","중앙로","7","효빈광역시 중구 중앙동(중앙로5가)","-29703","16955"
"태이초","일반건물","주촌로","71","효빈광역시 서구 당선1동(당선동)","-27177","16957"
"효빈대 사대부중","일반건물","주촌로","70","효빈광역시 서구 당선3동(당선동)","-26668","16961"
"복산병원","일반건물","운중로","80","효빈광역시 중구 중앙동(원동4가)","-30339","16967"
"당선휴먼시아","일반건물","주촌로","85","효빈광역시 서구 당선3동(당선동)","-26887","16974"
"GS더프레시 효빈점","일반건물","중보로","37","효빈광역시 중구 중정동(중보로)","-29953","16979"
"내죽고","일반건물","주촌로","99","효빈광역시 서구 당선1동(당선동)","-27323","16983"
"고송역","지하철역","고송대로","23","효빈광역시 북구 고송4동(고송동)","-24099","16986"
"CGV 효빈","일반건물","운중로","98","효빈광역시 중구 중정동(오석동)","-30697","16990"
"롯데마트 과진점","일반건물","고송동서로","68","효빈광역시 서구 과진2동(과진동)","-25174","16993"
"고송영무예다음","일반건물","구창로","107","효빈광역시 북구 고송2동(고송동)","-23846","16994"
"공무원연금공단 효빈덕북지부","일반건물","운중로","97","효빈광역시 청엽구 입빈동(효빈동1가)","-31232","16994"
"공무원연금공단","일반건물","운중로","97","효빈광역시 청엽구 입빈동(효빈동1가)","-31232","16994"
"과진 이아르","일반건물","복지대학로","93","효빈광역시 서구 과진2동(과진동)","-25361","16995"
"GS25 효빈세무서점","일반건물","운중로","120","효빈광역시 중구 중앙동(원동4가)","-30172","16998"
"효빈초","일반건물","소장로","54","효빈광역시 중구 중앙동(중앙로6가)","-29318","17000"
"등동역","지하철역","우포로","16","효빈광역시 청엽구 등동","-32617","17001"
"내성중고등학교","일반건물","주촌로","104","효빈광역시 서구 북성동(북문동1가)","-28366","17002"
"내성고등학교","일반건물","주촌로","104","효빈광역시 서구 북성동(북문동1가)","-28366","17002"
"고송역자이","일반건물","구창로","34","효빈광역시 북구 고송4동(고송동)","-23987","17003"
"효빈상고","일반건물","악내로","106","효빈광역시 중구 약맥동(오주동)","-30923","17012"
"효빈중동 푸르지오아파트","일반건물","중앙로","110","효빈광역시 중구 중정동(중동1가)","-29803","17015"
"다이소 고송점","일반건물","고송해안로","18","효빈광역시 북구 고송2동(고송동)","-23612","17020"
"효빈레인보우아파트","일반건물","입빈로","108","효빈광역시 청엽구 입빈동(효빈동1가)","-32245","17020"
"북효빈농협 고송점","일반건물","고송해안로","123","효빈광역시 북구 고송2동(고송동)","-23717","17024"
"효빈동신도시아쿠아아파트","일반건물","앵소로","139","효빈광역시 청엽구 입빈동(효빈동1가)","-31845","17028"
"사복역 센트럴시티아파트","일반건물","과진로","195","효빈광역시 서구 사복2동(사복동)","-25812","17043"
"맥도날드 고송점","일반건물","청고로","99","효빈광역시 북구 고송4동(고송동)","-24359","17059"
"롯데시네마 과진","일반건물","고송동서로","55","효빈광역시 서구 과진2동(과진동)","-25161","17082"
"고송4동행정복지센터","일반건물","청고로","57","효빈광역시 북구 고송4동(고송동)","-24203","17090"
"소상공인시장진흥공단 효빈덕빈지역본부","일반건물","악내로","122","효빈광역시 중구 중정동(오석동)","-30695","17090"
"소장역","지하철역","주촌로","5","효빈광역시 서구 북성동(북문동1가)","-28470","17103"
"오석역","지하철역","악내로","32","효빈광역시 중구 중정동(오석동)","-30785","17106"
"청산","일반건물","창선2로","59","효빈광역시 중구 중앙동(원동4가)","-30482","17107"
"당선3동행정복지센터","일반건물","주촌로","225","효빈광역시 서구 당선3동(당선동)","-26681","17116"
"제일은행 효빈중앙로점","일반건물","중보로","35","효빈광역시 중구 중정동(중보로)","-30026","17123"
"GS25 복산병원점","일반건물","창선2로","172","효빈광역시 중구 중정동(완동2가)","-30372","17133"
"고송병원","일반건물","고송동서로","64","효빈광역시 북구 고송4동(고송동)","-25042","17136"
"효빈중동초","일반건물","중앙로","169","효빈광역시 중구 중정동(중동1가)","-29790","17137"
"이편한치과","일반건물","효빈로","57","효빈광역시 북구 고송4동(고송동)","-24520","17138"
"당선 에듀타운","일반건물","노현로","103","효빈광역시 서구 당선3동(당선동)","-26503","17139"
"덕북대효빈캠퍼스","일반건물","당찬로","88","효빈광역시 청엽구 등동","-33100","17142"
"고송 중흥S클래스","일반건물","이달로","176","효빈광역시 북구 고송2동(고송동)","-23106","17144"
"고송 중흥s클래스","일반건물","이달로","176","효빈광역시 북구 고송2동(고송동)","-23106","17144"
"중정동행정복지센터","일반건물","중보로","218","효빈광역시 중구 중정동(완동1가)","-30209","17145"
"중보로삼성아파트","일반건물","중보로","87","효빈광역시 중구 중정동(중동1가)","-29904","17148"
"석양","일반건물","조유로","84","효빈광역시 중구 중앙동(중앙로6가)","-29433","17153"
"효빈예고","일반건물","효빈로","82","효빈광역시 북구 고송4동(고송동)","-24659","17157"
"서효빈우체국","일반건물","도탄로","51","효빈광역시 서구 사복2동(사복동)","-26003","17169"
"신협중앙회 효빈덕북지역본부","일반건물","중앙로","45","효빈광역시 중구 중앙동(중앙로6가)","-29514","17175"
"효빈노인사회복지관","일반건물","중앙로","114","효빈광역시 중구 중정동(중동1가)","-29696","17178"
"당선1동행정복지센터","일반건물","당선로","204","효빈광역시 서구 당선1동(당선동)","-27361","17183"
"청빈초","일반건물","당찬로","60","효빈광역시 청엽구 등동","-32952","17189"
"농림축산검역본부 효빈사무소","일반건물","팔번로","132","효빈광역시 청엽구 입빈동(효빈동1가)","-31426","17195"
"쿠우쿠우","일반건물","고송남북로","113","효빈광역시 북구 고송4동(고송동)","-24790","17202"
"사복역","지하철역","과진로","4","효빈광역시 서구(과진동)","-25613","17217"
"효빈동신도시역","지하철역","팔번로","42","효빈광역시 청엽구 입빈동(효빈동1가)","-31237","17222"
"수협은행 고송점","일반건물","고송해안로","28","효빈광역시 북구 고송2동(고송동)","-23621","17226"
"고송4단지","일반건물","고송남북로","84","효빈광역시 북구 고송4동(고송동)","-24351","17232"
"신원초","일반건물","노현로","66","효빈광역시 서구 당선3동(당선동)","-26333","17240"
"고송역 푸르지오","일반건물","구창로","44","효빈광역시 북구 고송4동(고송동)","-23996","17243"
"중보로역","지하철역","중보로","1","효빈광역시 중구 중정동(중보로)","-29993","17243"
"한국국토정보공사 효빈덕북지역본부","일반건물","앵소로","53","효빈광역시 청엽구 입빈동(효빈동1가)","-31640","17245"
"예술고 기숙아파트","일반건물","고송남북로","65","효빈광역시 북구 고송4동(고송동)","-24687","17249"
"슈퍼스타 아파트","일반건물","입빈로","89","효빈광역시 청엽구 입빈동(효빈동1가)","-32224","17258"
"효빈중앙중","일반건물","중동로","185","효빈광역시 중구 중정동(중동1가)","-29791","17259"
"염곡소금공원","일반건물","청상로","78","덕빈북도 기도군 염곡면 염곡리","-17128","17267"
"등동역 푸르지오","일반건물","우포로","75","효빈광역시 청엽구 등동","-32558","17272"
"효빈우체국","일반건물","중보로","92","효빈광역시 중구 중정동(중보로)","-30084","17296"
"효빈뮤즈아파트","일반건물","산업대로","89","효빈광역시 청엽구 입빈동(효빈동1가)","-31877","17296"
"헌이송공고","일반건물","엽월대로","253","효빈광역시 청엽구 마잡2동(헌이송동)","-33992","17300"
"색수시장","일반건물","중동로","134","효빈광역시 중구 중정동(중동1가)","-29725","17303"
"메지골","일반건물","중동로","119","효빈광역시 중구 중정동(중동1가)","-29646","17304"
"효빈관광공사","일반건물","산업대로","77","효빈광역시 청엽구 입빈동(효빈동1가)","-31438","17311"
"리엘라","일반건물","조유로","114","효빈광역시 중구 조유동(조유동1가)","-29172","17314"
"조유종합사회복지관","일반건물","고중로","227","효빈광역시 중구 조유동(조유동1가)","-29020","17320"
"효빈아동종합복지관","일반건물","중보로","80","효빈광역시 중구 중정동(완동2가)","-30388","17322"
"덕북대 효빈캠퍼스","일반건물","칠심로","51","효빈광역시 청엽구 마잡2동(헌이송동)","-33461","17327"
"조타뻑스","일반건물","중동로","52","효빈광역시 중구 중앙동(중앙로6가)","-29545","17331"
"타이니스타","일반건물","산업대로","63","효빈광역시 중구 중정동(완동3가)","-30484","17331"
"타이니스타호텔","일반건물","산업대로","63","효빈광역시 중구 중정동(완동3가)","-30484","17331"
"사복주공","일반건물","고송남북로","150","효빈광역시 서구 사복2동(사복동)","-26208","17333"
"효빈디자인진흥원","일반건물","산업대로","40","효빈광역시 청엽구 입빈동(효빈동1가)","-31543","17347"
"한국관광공사 효빈덕북지사","일반건물","산업대로","36","효빈광역시 청엽구 입빈동(효빈동1가)","-31346","17353"
"고송홈플러스","일반건물","고송남북로","18","효빈광역시 북구 고송2동(고송동)","-23359","17354"
"북성동행정복지센터","일반건물","내성로","125","효빈광역시 서구 북성동(북문동2가)","-28341","17365"
"스타벅스 효빈고송경찰서점","일반건물","고송남북로","51","효빈광역시 북구 고송2동(고송동)","-23523","17384"
"홈플러스 고송점","일반건물","고송남북로","61","효빈광역시 북구 고송2동(고송동)","-23374","17397"
"구시청앞역","지하철역","중보로","2","효빈광역시 중구 중정동(완동3가)","-30411","17397"
"버거킹 고송점","일반건물","고송대로","44","효빈광역시 북구 고송4동(고송동)","-24352","17398"
"석유관리원","일반건물","엽월대로","69","효빈광역시 청엽구 마잡2동(헌이송동)","-33664","17400"
"사복중","일반건물","고송남북로","80","효빈광역시 서구 사복1동(사복동)","-25733","17403"
"족포초(폐교)","일반건물","내성로","49","효빈광역시 서구 북성동(북문동2가)","-28167","17409"
"사복초","일반건물","고송남북로","87","효빈광역시 서구 사복2동(사복동)","-25892","17411"
"세븐일레븐 중보로점","일반건물","중보로","33","효빈광역시 중구 중정동(중동3가)","-30026","17424"
"버거킹 효빈중앙점","일반건물","중동로","20","효빈광역시 중구 중정동(중동3가)","-29898","17436"
"색수시장역","지하철역","중동로","10","효빈광역시 중구 중정동(중동1가)","-29641","17439"
"고송1단지","일반건물","구창로","113","효빈광역시 북구 고송6동(고송동)","-24064","17440"
"고송 호반베르디움","일반건물","고송남북로","126","효빈광역시 북구 고송4동(고송동)","-24765","17441"
"효빈은행역","지하철역","중보로","5","효빈광역시 중구 중정동(중보로)","-30144","17442"
"세나드","일반건물","창선2로","29","효빈광역시 중구 중정동(완동3가)","-30562","17448"
"고해","일반건물","조유로","96","효빈광역시 중구 조유동(조유동1가)","-29137","17450"
"CGV 고송","일반건물","효빈로","119","효빈광역시 북구 고송4동(고송동)","-24696","17453"
"조유동3가역","지하철역","중앙로","42","효빈광역시 중구 조유동(조유동3가)","-29452","17454"
"사복2동행정복지센터","일반건물","도탄로","39","효빈광역시 서구 사복2동(사복동)","-26019","17460"
"cgv 고송","일반건물","효빈로","114","효빈광역시 북구 고송4동(고송동)","-24691","17462"
"월드아파트","일반건물","노현로","99","효빈광역시 서구 당선2동(당선동)","-26496","17464"
"조유공원","일반건물","중동로","87","효빈광역시 중구 조유동(조유동3가)","-29503","17465"
"중동3가역","지하철역","중동로","15","효빈광역시 중구 중정동(중동3가)","-29853","17467"
"이마트24 조유복지관점","일반건물","조유로","227","효빈광역시 중구 조유동(조유동1가)","-28988","17470"
"스타벅스 효빈중앙로점","일반건물","중동로","31","효빈광역시 중구 중정동(중동1가)","-29758","17473"
"장애인고용공단 효빈본부","일반건물","앵소로","51","효빈광역시 청엽구 입빈동(효빈동1가)","-31642","17474"
"사복휴먼시아 2단지","일반건물","복지대학로","141","효빈광역시 서구 사복1동(사복동)","-25407","17489"
"장원초","일반건물","앵소로","57","효빈광역시 청엽구 입빈동(효빈동2가)","-31750","17494"
"고송주공","일반건물","구창로","122","효빈광역시 북구 고송6동(고송동)","-23828","17500"
"조유아파트","일반건물","조유로","59","효빈광역시 중구 조유동(조유동4가)","-29283","17502"
"중구보건소","일반건물","조유로","46","효빈광역시 중구 조유동(조유동1가)","-29167","17508"
"효빈은행","일반건물","중보로","88","효빈광역시 중구 중정동(중보로)","-30242","17519"
"효빈시청 구청사","일반건물","중보로","49","효빈광역시 중구 중정동(중보로)","-30367","17520"
"이마트24 구시청앞점","일반건물","창선2로","84","효빈광역시 중구 유내동(경동)","-30518","17523"
"사복휴먼시아","일반건물","도탄로","117","효빈광역시 서구 사복2동(사복동)","-26176","17528"
"중소벤처기업진흥공단 효빈지역본부","일반건물","중동로","120","효빈광역시 중구 조유동(조유동3가)","-29571","17533"
"오석행복주택","일반건물","창선2로","61","효빈광역시 중구 중정동(오석동)","-30677","17533"
"CGV 효빈대","일반건물","당선로","223","효빈광역시 서구 당선1동(당선동)","-27360","17538"
"효빈중","일반건물","도람로","18","효빈광역시 중구 중정동(중동3가)","-30001","17545"
"남부초","일반건물","산업대로","43","효빈광역시 청엽구 등동","-32563","17551"
"고송경찰서","일반건물","고송해안로","110","효빈광역시 북구 고송6동(고송동)","-23476","17559"
"KFC 효빈점","일반건물","중보로","128","효빈광역시 중구 중정동(중보로)","-30170","17573"
"고송도서관","일반건물","고송동서로","258","효빈광역시 북구 고송5동(고송동)","-24847","17576"
"칠천초","일반건물","당선로","206","효빈광역시 서구 당선4동(칠천동)","-27789","17576"
"효빈신용보증재단","일반건물","도람로","128","효빈광역시 중구 중정동(중보로)","-30122","17585"
"헌산초중학교","일반건물","내성로","279","효빈광역시 서구 당선4동(칠천동)","-27935","17589"
"오석 아쿠아 아파트(2027)","일반건물","악내로","74","효빈광역시 중구 중정동(오석동)","-30893","17589"
"다이소 고송교차로점","일반건물","고송대로","76","효빈광역시 북구 고송5동(고송동)","-24499","17596"
"버거킹 효빈동신도시점","일반건물","앵소로","29","효빈광역시 청엽구 입빈동(효빈동1가)","-31665","17598"
"한국주택금융공사 효빈지사","일반건물","중앙로","43","효빈광역시 중구 조유동(조유동4가)","-29358","17600"
"효빈성 북문공원","일반건물","내성로","44","효빈광역시 서구 북성동(내성동1가)","-28258","17603"
"GS25 조유아파트점","일반건물","조유로","82","효빈광역시 중구 조유동(조유동4가)","-29267","17603"
"토치만 호텔","일반건물","중앙로","79","효빈광역시 중구 조유동(조유동3가)","-29484","17606"
"경동역","지하철역","중보로","17","효빈광역시 중구 유내동(경동)","-30411","17616"
"사복대라수아파트","일반건물","과진로","163","효빈광역시 서구 사복1동(사복동)","-25780","17619"
"토나아파트","일반건물","고송해안로","42","효빈광역시 북구 고송6동(고송동)","-23626","17622"
"효빈대 북부기숙사","일반건물","노현로","149","효빈광역시 서구 당선2동(당선동)","-26544","17625"
"이마트 24 중동3가점","일반건물","도람로","147","효빈광역시 중구 중정동(중동3가)","-29854","17647"
"세븐일레븐 조유주공점","일반건물","조유로","82","효빈광역시 중구 조유동(조유동5가)","-29071","17651"
"베이코드리","일반건물","중보로","103","효빈광역시 중구 중정동(중보로)","-30276","17653"
"토네","일반건물","조유로","34","효빈광역시 중구 조유동(조유동4가)","-29192","17660"
"고송 아리오스타","일반건물","효빈로","100","효빈광역시 북구 고송5동(고송동)","-24677","17665"
"고송2단지","일반건물","구창로","94","효빈광역시 북구 고송6동(고송동)","-24043","17680"
"마음","일반건물","상서로","214","효빈광역시 중구 중정동(중동3가)","-29789","17681"
"고송3단지","일반건물","청고로","62","효빈광역시 북구 고송5동(고송동)","-24317","17689"
"효빈복지대역","지하철역","복지대학로","14","효빈광역시 서구 사복1동(사복동)","-25251","17689"
"사복휴먼시아 3단지","일반건물","과진로","139","효빈광역시 서구 사복1동(사복동)","-25478","17694"
"효빈대 기숙사 희다관(1~5)(53)","일반건물","노현로","246","효빈광역시 서구 당선2동(당선동)","-26640","17699"
"효빈대 기숙사","일반건물","노현로","246","효빈광역시 서구 당선2동(당선동)","-26640","17699"
"효빈복지대학교","일반건물","복지대학로","66","효빈광역시 서구 사복1동(사복동)","-25331","17700"
"북효빈농협 고송교차로지점","일반건물","소흥로","171","효빈광역시 북구 고송5동(고송동)","-24835","17703"
"효빈대병원 중구분관","일반건물","도람로","46","효빈광역시 중구 중정동(중동2가)","-30064","17713"
"소운동장(20)","일반건물","당선로","222","효빈광역시 서구 당선1동(당선동)","-27360","17731"
"북효빈세무서","일반건물","고송해안로","102","효빈광역시 북구 고송6동(고송동)","-23480","17734"
"청산중","일반건물","도탄로","94","효빈광역시 서구 당선2동(당선동)","-26155","17736"
"기숙사관리동(55)","일반건물","효빈대학로","279","효빈광역시 서구 당선2동(당선동)","-26822","17743"
"이마트24 조유동4가점","일반건물","중앙로","83","효빈광역시 중구 조유동(조유동4가)","-29350","17743"
"세븐일레븐 효빈대병원중구분관","일반건물","상서로","49","효빈광역시 중구 중정동(중보로)","-30191","17751"
"스미버거","일반건물","상서로","156","효빈광역시 중구 조유동(조유동3가)","-29659","17754"
"효빈더샵1단지","일반건물","청엽로","30","효빈광역시 청엽구 입빈동(효빈동1가)","-31394","17759"
"베스랑","일반건물","조유로","132","효빈광역시 중구 조유동(조유동4가)","-29254","17768"
"애니플러스샵 효빈점","일반건물","고송동서로","56","효빈광역시 북구 고송5동(고송동)","-25048","17770"
"양우내안에 고송아파트","일반건물","소흥로","109","효빈광역시 북구 고송6동(고송동)","-23753","17771"
"효빈성북문역","지하철역","효빈대학로","1","효빈광역시 서구 북성동(내성동2가)","-28246","17773"
"기숙사2(54)","일반건물","노현로","242","효빈광역시 서구 당선2동(당선동)","-26635","17777"
"대운동장(21)","일반건물","효빈대학로","247","효빈광역시 서구 당선1동(당선동)","-27195","17780"
"이마트24 경동아파트점","일반건물","창선2로","137","효빈광역시 중구 유내동(경동)","-30560","17781"
"칠천역 행복주택","일반건물","당선로","149","효빈광역시 서구 당선1동(당선동)","-27730","17787"
"뱅드리마","일반건물","상서로","105","효빈광역시 중구 중정동(중동3가)","-29813","17788"
"천주단","일반건물","도람로","80","효빈광역시 중구 중정동(중동2가)","-29951","17791"
"경동한찬","일반건물","중보로","36","효빈광역시 중구 유내동(경동)","-30394","17791"
"조유주공아파트","일반건물","상서로","211","효빈광역시 중구 조유동(조유동5가)","-28831","17794"
"고송5동행정복지센터","일반건물","소흥로","76","효빈광역시 북구 고송5동(고송동)","-24852","17798"
"보건진료소역","지하철역","효빈대학로","221","효빈광역시 서구 당선2동(당선동)","-26896","17801"
"북부 기숙사역","지하철역","효빈대학로","202","효빈광역시 서구 당선2동(당선동)","-26664","17819"
"조유동2가역","지하철역","중앙로","38","효빈광역시 중구 조유동(조유동2가)","-29496","17833"
"갤러리아 백화점 효빈점","일반건물","노현로","130","효빈광역시 서구 당선2동(당선동)","-26263","17834"
"당선2동행정복지센터","일반건물","노현로","23","효빈광역시 서구 당선2동(당선동)","-26416","17840"
"헌이송공업단지","일반건물","칠심로","4","효빈광역시 청엽구 마잡2동(헌이송동)","-33516","17847"
"효빈 국가산단 헌이송지구","일반건물","칠심로","4","효빈광역시 청엽구 마잡2동(헌이송동)","-33516","17847"
"경동아파트","일반건물","창선2로","70","효빈광역시 중구 유내동(경동)","-30661","17848"
"조유동행정복지센터","일반건물","조유로","79","효빈광역시 중구 조유동(조유동5가)","-29160","17860"
"효빈복지여고","일반건물","소흥로","46","효빈광역시 서구 사복1동(사복동)","-25335","17864"
"세븐일레븐 조유동2가점","일반건물","상서로","48","효빈광역시 중구 조유동(조유동2가)","-29605","17869"
"사복주상복합아파트","일반건물","효빈대학로","148","효빈광역시 서구 사복2동(사복동)","-25892","17872"
"고송교차로역","지하철역","소흥로","1","효빈광역시 북구 고송5동(고송동)","-24575","17874"
"효빈산단 마잡지구","일반건물","칠심로","55","효빈광역시 청엽구 마잡2동(헌이송동)","-33567","17879"
"축구장(19)","일반건물","효빈대학로","150","효빈광역시 서구 당선1동(당선동)","-27347","17882"
"성운관(46)","일반건물","당선로","110","효빈광역시 서구 당선1동(당선동)","-27471","17882"
"효빈대 보건진료소","일반건물","효빈대학로","139","효빈광역시 서구 당선2동(당선동)","-26855","17883"
"이마트 사복점","일반건물","도탄로","55","효빈광역시 서구 사복2동(사복동)","-26008","17884"
"효빈대어린이병원(62)","일반건물","효빈대학로","82","효빈광역시 서구 북성동(내성동2가)","-28298","17892"
"효빈은행 고송점","일반건물","소흥로","19","효빈광역시 북구 고송5동(고송동)","-24376","17895"
"칠천역","지하철역","효빈대학로","57","효빈광역시 서구 당선4동(칠천동)","-27866","17896"
"구 칠천군사기지역","지하철역","효빈대학로","10","효빈광역시 서구 당선4동(칠천동)","-27977","17898"
"남전공원","일반건물","창선2로","95","효빈광역시 청엽구 입빈동(효빈동2가)","-31218","17901"
"효빈애니메이션본부 본사","일반건물","소흥로","26","효빈광역시 북구 고송5동(고송동)","-24452","17902"
"베르데 디두타","일반건물","상서로","23","효빈광역시 중구 중정동(중동2가)","-29943","17902"
"보건대학 1호관(47-1)","일반건물","효빈대학로","52","효빈광역시 서구 당선4동(칠천동)","-28072","17911"
"북문로역","지하철역","효빈대학로","14","효빈광역시 서구 북성동(내성동2가)","-28462","17911"
"세븐일레븐 중동2가점","일반건물","도람로","26","효빈광역시 중구 중정동(중동2가)","-30083","17911"
"효빈대병원 암센터(63)","일반건물","효빈대학로","117","효빈광역시 서구 북성동(내성동2가)","-28193","17912"
"효빈사회복지공동모금회","일반건물","중보로","47","효빈광역시 중구 유내동(경동)","-30313","17914"
"소금하우스(56)","일반건물","효빈대학로","102","효빈광역시 서구 당선2동(당선동)","-26544","17919"
"세븐일레븐 유내역점","일반건물","중보로","26","효빈광역시 중구 유내동(경동)","-30386","17924"
"등동 아쿠아 아파트","일반건물","우포로","136","효빈광역시 청엽구 등동","-32770","17927"
"세이플레스","일반건물","도람로","117","효빈광역시 중구 유내동","-30180","17929"
"대운동장역","지하철역","효빈대학로","98","효빈광역시 서구 당선1동(당선동)","-27268","17932"
"경창아파트","일반건물","고송해안로","56","효빈광역시 북구 고송6동(고송동)","-23522","17940"
"고송아이파크1단지","일반건물","소흥로","60","효빈광역시 북구 고송6동(고송동)","-23790","17940"
"고송대로·고송교차로역","일반건물","효빈로","8","효빈광역시 북구 고송5동(고송동)","-24585","17940"
"한국자산관리공사 효빈지역본부","일반건물","상서로","57","효빈광역시 중구 궁영동(영동1가)","-29627","17972"
"효빈복지고","일반건물","효빈대학로","44","효빈광역시 서구 사복1동(사복동)","-25354","17975"
"체육관(실내)(18)","일반건물","효빈대학로","62","효빈광역시 서구 당선1동(당선동)","-27479","17975"
"고송교차로역","일반건물","효빈로","4","효빈광역시 북구 고송5동(고송동)","-24573","17979"
"북문초","일반건물","효빈대학로","51","효빈광역시 서구 북성동(내성동3가)","-28591","17979"
"보건연구소(40)","일반건물","효빈대학로","149","효빈광역시 서구 당선4동(칠천동)","-28136","17986"
"한국산업단지공단 효빈지역본부","일반건물","라상로","218","효빈광역시 청엽구 마잡2동(헌이송동)","-33859","18005"
"보건대학 2호관(47-2)","일반건물","효빈대학로","130","효빈광역시 서구 당선4동(칠천동)","-28058","18012"
"유내동행정복지센터","일반건물","중보로","124","효빈광역시 중구 유내동","-30485","18016"
"효빈더샵 2단지(2026예정)","일반건물","청엽로","102","효빈광역시 청엽구 입빈동(효빈동2가)","-31482","18016"
"유내역","지하철역","중보로","1","효빈광역시 중구 유내동","-30360","18018"
"당선역","지하철역","효빈대학로","2","효빈광역시 서구 당선2동(당선동)","-26379","18019"
"효빈대역","지하철역","효빈대학로","0","효빈광역시 서구 당선2동(당선동)","-27061","18022"
"고송주공아파트2단지","일반건물","고송해안로","108","효빈광역시 북구 고송6동(고송동)","-23684","18028"
"효빈대학교 정문(0)","일반건물","효빈대학로","12","효빈광역시 서구 당선1동(당선동)","-27555","18028"
"kfc 고송교차로점","일반건물","효빈로","76","효빈광역시 북구 고송5동(고송동)","-24501","18030"
"효빈대입구역","지하철역","효빈대학로","2","효빈광역시 서구 당선1동(당선동)","-27434","18038"
"영동1가시영아파트","일반건물","상서로","135","효빈광역시 중구 궁영동(영동1가)","-29722","18040"
"도미노피자 고송점","일반건물","청고로","44","효빈광역시 북구 고송5동(고송동)","-24297","18043"
"당선원마을역","지하철역","효빈대학로","14","효빈광역시 서구 당선1동(당선동)","-27647","18050"
"버거킹 사복DT점","일반건물","효빈대학로","33","효빈광역시 서구 사복1동(사복동)","-25576","18053"
"효빈대 공대지구","일반건물","효빈대학로","22","효빈광역시 서구 당선1동(당선동)","-27292","18053"
"베르데홀역","지하철역","효빈대학로","38","효빈광역시 서구 당선2동(당선동)","-26530","18059"
"이마트24 영동1가점","일반건물","상서로","182","효빈광역시 중구 궁영동(영동1가)","-29886","18069"
"약대 보건대역","지하철역","효빈대학로","130","효빈광역시 서구 당선4동(칠천동)","-27933","18071"
"중구청역","지하철역","중앙로","19","효빈광역시 중구 조유동(조유동2가)","-29494","18076"
"봇지마을역","지하철역","효빈대학로","5","효빈광역시 서구 북성동(내성동2가)","-28564","18079"
"학생복지타운(4)","일반건물","효빈대학로","59","효빈광역시 서구 당선2동(당선동)","-26810","18081"
"동아리관(5)","일반건물","효빈대학로","57","효빈광역시 서구 당선1동(당선동)","-27161","18083"
"스퀘어시티","일반건물","고송동서로","79","효빈광역시 북구 고송5동(고송동)","-25024","18085"
"사복1동행정복지센터","일반건물","효빈대학로","66","효빈광역시 서구 사복1동(사복동)","-25343","18085"
"화학공업대학 2호관(17-2)","일반건물","효빈대학로","113","효빈광역시 서구 당선1동(당선동)","-27839","18087"
"중구청","일반건물","중앙로","74","효빈광역시 중구 조유동(조유동2가)","-29440","18087"
"세븐일레븐 중구청역점","일반건물","천석로","88","효빈광역시 중구 궁영동(영동1가)","-29623","18087"
"고송 sk뷰 1단지","일반건물","구창로","103","효빈광역시 북구 고송6동(고송동)","-24053","18092"
"염곡베르디움아파트","일반건물","청상로","59","덕빈북도 기도군 염곡면 염곡리","-16631","18110"
"토목공업대학 2호관(16-2)","일반건물","효빈대학로","79","효빈광역시 서구 당선1동(당선동)","-27512","18118"
"화학공업대학 3호관(17-3)","일반건물","효빈대학로","102","효빈광역시 서구 당선1동(당선동)","-27714","18119"
"효빈대학교 아파트형기숙사B(아와관)(52)","일반건물","효빈대학로","101","효빈광역시 서구 당선2동(당선동)","-26956","18123"
"효빈성 북문남부","일반건물","상서로","15","효빈광역시 북구 사능1동(사능동1가)","-28599","18127"
"GS25 천석점","일반건물","내서로","162","효빈광역시 중구 조유동(서남동)","-29168","18132"
"공대 부속공장(34)","일반건물","효빈대학로","99","효빈광역시 서구 당선1동(당선동)","-27409","18134"
"맥도날드 당선DT","일반건물","노현로","40","효빈광역시 서구 당선2동(당선동)","-26349","18143"
"토목공업대학 1호관(16-1)","일반건물","당선로","40","효빈광역시 서구 당선1동(당선동)","-27656","18158"
"박물관(22)","일반건물","효빈대학로","143","효빈광역시 서구 당선1동(당선동)","-27053","18165"
"세븐일레븐 유내점","일반건물","중보로","45","효빈광역시 중구 유내동","-30396","18171"
"약학대학(50)","일반건물","효빈대학로","232","효빈광역시 서구 당선4동(칠천동)","-27944","18175"
"효빈천석주공아파트","일반건물","상서로","188","효빈광역시 중구 조유동(천석동1가)","-29008","18175"
"상원아파트","일반건물","장원로","98","효빈광역시 중구 유내동(정동)","-30667","18179"
"고송 휴먼시아","일반건물","고송해안로","116","효빈광역시 북구 고송6동(고송동)","-23689","18183"
"베르데홀(29)","일반건물","노현로","51","효빈광역시 서구 당선2동(당선동)","-26440","18185"
"헌이송역","지하철역","칠심로","26","효빈광역시 청엽구 마잡2동(헌이송동)","-33486","18191"
"간호대학(48)","일반건물","효빈대학로","282","효빈광역시 서구 당선4동(칠천동)","-28042","18193"
"남효빈세무서","일반건물","장원로","78","효빈광역시 청엽구 등동","-32506","18202"
"서남한찬","일반건물","도람로","83","효빈광역시 중구 유내동","-30214","18204"
"사회과학연구관(38)","일반건물","효빈대학로","186","효빈광역시 서구 당선2동(당선동)","-26839","18208"
"화학공업대학 1호관(17-1)","일반건물","당선로","223","효빈광역시 서구 당선1동(당선동)","-27851","18208"
"한의학관(49-1)","일반건물","요소로","187","효빈광역시 서구 북성동(내성동2가)","-28205","18208"
"효빈사회복지협의회","일반건물","과진로","44","효빈광역시 서구 사복1동(사복동)","-25572","18218"
"사복행복주택","일반건물","과진로","187","효빈광역시 서구 사복2동(사복동)","-25803","18223"
"간호대 - 한의관역","지하철역","요소로","242","효빈광역시 서구 당선4동(칠천동)","-28150","18223"
"영동2가시영아파트","일반건물","도람로","152","효빈광역시 중구 궁영동(영동2가)","-29977","18225"
"효빈대학교","일반건물","효빈대학로","196","효빈광역시 서구 당선1동(당선동)","-27321","18228"
"효빈대 본부","일반건물","효빈대학로","196","효빈광역시 서구 당선1동(당선동)","-27321","18228"
"화공 전기대역","지하철역","당선로","103","효빈광역시 서구 당선1동(당선동)","-27733","18229"
"궁영동행정복지센터","일반건물","중앙로","106","효빈광역시 중구 궁영동(영동1가)","-29632","18232"
"교육혁신센터(42)","일반건물","효빈대학로","207","효빈광역시 서구 당선1동(당선동)","-27169","18233"
"아논초","일반건물","아소로","66","효빈광역시 북구 고송5동(고송동)","-24360","18240"
"효빈행복주택","일반건물","내서로","125","효빈광역시 중구 조유동(서남동)","-29192","18246"
"사능삼거리역","지하철역","효빈대학로","1","효빈광역시 북구 사능1동(사능동1가)","-28619","18253"
"궁영아파트","일반건물","중앙로","284","효빈광역시 중구 궁영동(영동1가)","-29811","18256"
"장원역","지하철역","장원로","7","효빈광역시 중구 유내동(정동)","-30871","18268"
"토목공업대학 3호관(16-3)","일반건물","당선로","104","효빈광역시 서구 당선1동(당선동)","-27531","18277"
"서남시장","일반건물","내서로","53","효빈광역시 중구 조유동(서남동)","-29261","18281"
"자연과학연구관(39)","일반건물","효빈대학로","271","효빈광역시 서구 당선2동(당선동)","-26842","18293"
"심녕초","일반건물","장원로","30","효빈광역시 청엽구 동리동","-31500","18299"
"천석동2가역","지하철역","천석로","22","효빈광역시 중구 조유동(천석동2가)","-29470","18313"
"전기공업대학 3호관(15-3)","일반건물","당선로","186","효빈광역시 서구 당선1동(당선동)","-27834","18319"
"헌이송초","일반건물","엽월대로","100","효빈광역시 청엽구 마잡2동(헌이송동)","-34350","18319"
"전기공업대학 2호관(15-2)","일반건물","당선로","83","효빈광역시 서구 당선1동(당선동)","-27729","18320"
"리사초","일반건물","장원로","42","효빈광역시 중구 유내동(리사동)","-30598","18320"
"효빈대학교 애니메이션-철도 박물관(58)","일반건물","노현로","288","효빈광역시 서구 당선2동(당선동)","-26675","18321"
"정루관(13)","일반건물","효빈대학로","293","효빈광역시 서구 당선1동(당선동)","-27327","18325"
"KFC 당선점","일반건물","노현로","44","효빈광역시 서구 당선2동(당선동)","-26343","18330"
"리사역","지하철역","중보로","2","효빈광역시 중구 유내동(리사동)","-30316","18331"
"북효빈농협 펜타곤시티점","일반건물","고송동서로","38","효빈광역시 북구(고송동)","-25064","18347"
"천석초","일반건물","천석로","172","효빈광역시 중구 조유동(천석동1가)","-29029","18349"
"국민연금공단 효빈본부","일반건물","과진로","58","효빈광역시 서구 사복1동(사복동)","-25558","18350"
"토목대 복지관역","지하철역","당선로","141","효빈광역시 서구 당선1동(당선동)","-27508","18355"
"애니메이트 효빈점","일반건물","효빈로","18","효빈광역시 북구 고송5동(고송동)","-24595","18356"
"청엽소방서","일반건물","당찬로","74","효빈광역시 청엽구 마잡1동(마잡동)","-33071","18357"
"전기공업대학 4호관(15-4)","일반건물","당선로","228","효빈광역시 서구 당선1동(당선동)","-27424","18378"
"현대백화점 효빈점","일반건물","고송대로","130","효빈광역시 북구 고송5동(고송동)","-24707","18379"
"현대백화점","일반건물","고송대로","130","효빈광역시 북구 고송5동(고송동)","-24707","18379"
"효빈푸르지오1단지","일반건물","장원로","115","효빈광역시 청엽구 입빈동(효빈동2가)","-31974","18380"
"리사아파트","일반건물","장원로","105","효빈광역시 중구 유내동(리사동)","-30710","18382"
"자연대역","지하철역","충선로","174","효빈광역시 서구 당선2동(당선동)","-26562","18393"
"라마다호텔 효빈점","일반건물","중앙로","295","효빈광역시 중구 궁영동(만실동)","-29828","18393"
"소요중","일반건물","청고로","86","효빈광역시 북구 고송5동(고송동)","-24339","18394"
"의과대학(49)","일반건물","요소로","194","효빈광역시 북구 사능1동(사능동1가)","-28198","18395"
"효빈대 어린이집(34)","일반건물","당선로","55","효빈광역시 서구 당선1동(당선동)","-27603","18398"
"고송 더샵 3단지","일반건물","아소로","94","효빈광역시 북구 고송6동(고송동)","-24044","18403"
"전기공업대학 1호관(15-1)","일반건물","당선로","179","효빈광역시 북구 소조동","-27843","18405"
"입빈초","일반건물","앵소로","44","효빈광역시 청엽구 입빈동(효빈동2가)","-31741","18407"
"빛날관(44)","일반건물","충선로","191","효빈광역시 서구 당선2동(당선동)","-26584","18416"
"토요코인 효빈점","일반건물","중앙로","190","효빈광역시 중구 궁영동(만실동)","-29724","18417"
"헌이송사원아파트","일반건물","구락로","135","효빈광역시 청엽구 마잡2동(헌이송동)","-34254","18433"
"효빈중구사회복지협의회","일반건물","중보로","27","효빈광역시 중구 궁영동(도람동)","-30270","18434"
"이마트 효빈점","일반건물","장원로","155","효빈광역시 중구 유내동(리사동)","-30484","18434"
"고송 더샵1단지","일반건물","아소로","130","효빈광역시 북구 고송6동(고송동)","-23761","18442"
"효빈대병원 내부","일반건물","당선로","269","효빈광역시 북구 소조동","-27941","18443"
"펜타곤시티","일반건물","고송동서로","73","효빈광역시 북구 고송8동(고송동)","-25029","18452"
"GS25 효빈성점","일반건물","중앙로","36","효빈광역시 중구 조유동(천석동2가)","-29572","18457"
"카논","일반건물","중앙로","122","효빈광역시 중구 조유동(천석동2가)","-29658","18461"
"기계공업대학 2호관(14-2)","일반건물","당선로","42","효빈광역시 북구 소조동","-27716","18473"
"사복아파트","일반건물","충선로","45","효빈광역시 서구 사복2동(사복동)","-25927","18483"
"상원초","일반건물","도람로","135","효빈광역시 중구 궁영동(도람동)","-30044","18492"
"맥도날드 효빈이마트","일반건물","중보로","191","효빈광역시 중구 유내동(리사동)","-30480","18495"
"천석동3가역","지하철역","천석로","3","효빈광역시 중구 조유동(천석동3가)","-29332","18500"
"효빈고역","지하철역","천석로","18","효빈광역시 중구 조유동(천석동1가)","-28926","18507"
"서남역","지하철역","천석로","8","효빈광역시 중구 조유동(서남동)","-29103","18508"
"사중역","지하철역","천석로","11","효빈광역시 북구 사능1동(사능동1가)","-28778","18517"
"효빈대병원역","지하철역","요소로","253","효빈광역시 북구 사능1동(사능동1가)","-28139","18518"
"자연과학대학 1호관(28-1)","일반건물","노현로","201","효빈광역시 서구 당선2동(당선동)","-26586","18519"
"신지초","일반건물","구락로","225","효빈광역시 청엽구 마잡2동(헌이송동)","-33892","18536"
"학생복지회관(2)","일반건물","당선로","237","효빈광역시 북구 소조동","-27446","18548"
"학술문화회관(64)","일반건물","당선로","299","효빈광역시 북구 소조동","-27383","18550"
"도람역","지하철역","중보로","9","효빈광역시 중구 궁영동(도람동)","-30282","18559"
"북구서부어린이회관역","지하철역","효빈대학로","18","효빈광역시 북구 사능1동(사능동1가)","-28644","18572"
"중소벤처기업진흥공단 효빈본부","일반건물","당찬로","54","효빈광역시 청엽구 마잡1동(마잡동)","-33048","18576"
"효빈대학교 치과병원(60)","일반건물","소조로","297","효빈광역시 북구 소조동","-28009","18580"
"기계공업대학 3호관(14-3)","일반건물","당선로","158","효빈광역시 북구 소조동","-27855","18585"
"효빈북부교육지원청","일반건물","도탄로","116","효빈광역시 북구 청능동","-25948","18588"
"기계공업대학 1호관(14-1)","일반건물","당선로","62","효빈광역시 북구 소조동","-27758","18589"
"효빈지방통계청","일반건물","구창로","48","효빈광역시 북구 고송6동(고송동)","-23998","18591"
"효빈문화공사","일반건물","효빈로","96","효빈광역시 북구 고송5동(고송동)","-24480","18593"
"효빈성공원","일반건물","효빈성로","185","효빈광역시 중구 궁영동(궁정동)","-29830","18593"
"한국부동산원 효반덕북지역본부","일반건물","청고로","52","효빈광역시 북구 고송6동(고송동)","-24200","18596"
"효빈박물관","일반건물","중앙로","36","효빈광역시 중구 궁영동(만실동)","-29578","18596"
"한국부동산원 효빈덕빈지역본부","일반건물","청고로","57","효빈광역시 북구 고송5동(고송동)","-24309","18598"
"한국부동산원","일반건물","청고로","57","효빈광역시 북구 고송5동(고송동)","-24309","18598"
"부동산원","일반건물","청고로","57","효빈광역시 북구 고송5동(고송동)","-24309","18598"
"효빈대병원 치과병원입구","일반건물","소조로","279","효빈광역시 북구 소조동","-27999","18598"
"사범인문관(11-3)","일반건물","당선로","195","효빈광역시 북구 소조동","-27499","18604"
"효빈교육청","일반건물","효빈대학로","133","효빈광역시 북구 사능1동(사능동1가)","-28530","18614"
"북구서부어린이회관","일반건물","효빈대학로","45","효빈광역시 북구 사능1동(사능동1가)","-28708","18616"
"기계공업대학 4호관(14-4)","일반건물","당선로","71","효빈광역시 북구 소조동","-27629","18622"
"효빈동신도시 호반베르디움 아파트","일반건물","효빈성로","128","효빈광역시 청엽구 동리동","-31903","18622"
"자연과학대학 3호관(28-3)","일반건물","노현로","258","효빈광역시 북구 소조동","-26642","18623"
"효빈성공원","일반건물","중앙로","154","효빈광역시 중구 궁영동(만실동)","-29698","18625"
"고송6동행정복지센터","일반건물","구창로","141","효빈광역시 북구 고송6동(고송동)","-23809","18629"
"소조 주공","일반건물","노현로","144","효빈광역시 북구 소조동","-26240","18641"
"헌이송중고등학교","일반건물","구락로","165","효빈광역시 청엽구 마잡2동(헌이송동)","-33951","18649"
"기계공업대학 5호관(14-5)","일반건물","당선로","126","효빈광역시 북구 소조동","-27579","18654"
"사니파신","일반건물","효빈성로","105","효빈광역시 중구 신덕동","-30485","18664"
"사니파신호텔","일반건물","효빈성로","105","효빈광역시 중구 신덕동","-30485","18664"
"효빈대 사대부고","일반건물","노현로","79","효빈광역시 북구 소조동","-26462","18669"
"GS25 상원초등학교점","일반건물","효빈성로","105","효빈광역시 중구 궁영동(궁정동)","-30031","18670"
"GS칼텍스 궁정역점","일반건물","중보로","81","효빈광역시 중구 궁영동(궁정동)","-30175","18674"
"메가박스 효빈점","일반건물","중보로","87","효빈광역시 중구 신덕동","-30344","18674"
"치의학관(49-2)","일반건물","소조로","199","효빈광역시 북구 소조동","-27966","18679"
"청능중","일반건물","시청로","190","효빈광역시 북구 청능동","-25845","18683"
"수의학관(49-3)","일반건물","요소로","75","효빈광역시 북구 사능1동(사능동1가)","-28316","18683"
"동리동행정복지센터","일반건물","청엽로","68","효빈광역시 청엽구 동리동","-31442","18688"
"효빈대학교 동물병원(61)","일반건물","당선로","46","효빈광역시 북구 소조동","-27760","18690"
"사범기술관(11-6)","일반건물","소조로","198","효빈광역시 북구 소조동","-27392","18693"
"효빈여고","일반건물","내서로","70","효빈광역시 중구 조유동(천석동3가)","-29336","18699"
"효빈광역시교육청","일반건물","효빈대학로","84","효빈광역시 북구 사능1동(사능동1가)","-28581","18700"
"인문대학 1호관(9-1)","일반건물","소조로","260","효빈광역시 북구 소조동","-27133","18701"
"고송8동행정복지센터","일반건물","고송동서로","34","효빈광역시 북구 고송8동(고송동)","-25136","18713"
"인문대학 2호관(9-2)","일반건물","소조로","203","효빈광역시 북구 소조동","-27204","18719"
"효빈지방고용노동청","일반건물","구창로","105","효빈광역시 북구 고송6동(고송동)","-24055","18720"
"소조중","일반건물","도탄로","69","효빈광역시 북구 소조동","-25993","18720"
"사범과학관(11-2)","일반건물","소조로","154","효빈광역시 북구 소조동","-27528","18734"
"궁정역","지하철역","효빈성로","25","효빈광역시 중구 궁영동(궁정동)","-30162","18749"
"사범예체관(11-5)","일반건물","소조로","141","효빈광역시 북구 소조동","-27352","18751"
"효빈교통공사 본사","일반건물","청고로","38","효빈광역시 북구 고송7동(고송동)","-24290","18753"
"사범대학(11-1)","일반건물","소조로","135","효빈광역시 북구 소조동","-27458","18755"
"상원초역","지하철역","효빈성로","16","효빈광역시 중구 궁영동(궁정동)","-29980","18760"
"생활과학대학(12)","일반건물","당선로","74","효빈광역시 북구 소조동","-27644","18761"
"효빈시의회","일반건물","시청로","118","효빈광역시 북구 고송8동(고송동)","-24807","18763"
"동리중고","일반건물","효빈성로","12","효빈광역시 청엽구 동리동","-31824","18763"
"동리고","일반건물","효빈성로","12","효빈광역시 청엽구 동리동","-31824","18763"
"효빈문화재단","일반건물","청고로","67","효빈광역시 북구 고송7동(고송동)","-24319","18766"
"수의대·동물병원역","지하철역","요소로","40","효빈광역시 북구 사능1동(사능동1가)","-28350","18766"
"한국방송광고진흥공사","일반건물","청고로","44","효빈광역시 북구 고송6동(고송동)","-24208","18770"
"고송 더샵 2단지","일반건물","고송해안로","76","효빈광역시 북구 고송6동(고송동)","-23712","18774"
"효빈성앞역","지하철역","효빈성로","5","효빈광역시 중구 내조2동(내조동)","-29712","18775"
"전산교육관(45)","일반건물","당선로","46","효빈광역시 북구 소조동","-27764","18778"
"효빈광역시청","일반건물","시청로","102","효빈광역시 북구 고송8동(고송동)","-24741","18779"
"포아이즈","일반건물","고송대로","89","효빈광역시 북구 고송8동(고송동)","-24990","18779"
"사회복지대학원(7-2)","일반건물","소조로","250","효빈광역시 북구 소조동","-27077","18786"
"대한적십자사 효빈지사","일반건물","효빈성로","15","효빈광역시 중구 궁영동(궁정동)","-30055","18790"
"효빈광역시도시공사","일반건물","구창로","25","효빈광역시 북구 고송6동(고송동)","-23976","18795"
"효빈고","일반건물","내서로","261","효빈광역시 중구 조유동(천석동1가)","-28985","18809"
"미술대학 2호관(27-2)","일반건물","천왕사로","277","효빈광역시 북구 소조동","-26919","18814"
"효빈덕북지방우정청","일반건물","시청로","67","효빈광역시 북구 고송8동(고송동)","-24468","18815"
"미술사회대역","지하철역","소조로","263","효빈광역시 북구 소조동","-27038","18818"
"동리 양우내안에 아파트","일반건물","효빈성로","67","효빈광역시 청엽구 동리동","-31524","18822"
"방도도서관(36)","일반건물","소조로","275","효빈광역시 북구 소조동","-26688","18827"
"언어문학대학 서양언어관(10-2)","일반건물","소조로","120","효빈광역시 북구 소조동","-27208","18828"
"사범사회관(11-4)","일반건물","소조로","49","효빈광역시 북구 소조동","-27386","18842"
"미술대학 3호관(27-3)","일반건물","소조로","254","효빈광역시 북구 소조동","-26849","18849"
"내조중","일반건물","효빈성로","89","효빈광역시 중구 신덕동","-30646","18856"
"교통대학 기지역","지하철역","노현로","134","효빈광역시 북구 소조동","-26515","18865"
"학군단(37)","일반건물","노현로","223","효빈광역시 북구 소조동","-26604","18865"
"사회과학대학 1호관(6-1)","일반건물","소조로","162","효빈광역시 북구 소조동","-27121","18876"
"효빈대 사범대","일반건물","소조로","16","효빈광역시 북구 소조동","-27373","18876"
"시청역","지하철역","고송동서로","0","효빈광역시 북구 고송8동(고송동)","-25102","18880"
"사능동1가역","지하철역","소조로","11","효빈광역시 북구 사능1동(사능동1가)","-28638","18882"
"중앙도서관(23)","일반건물","천왕사로","212","효빈광역시 북구 소조동","-26908","18883"
"소조 휴먼시아","일반건물","노현로","151","효빈광역시 북구 소조동","-26230","18894"
"중구 민방위교육장","일반건물","효빈대학로","271","효빈광역시 중구 조유동(천석동1가)","-28939","18896"
"사회과학대학 3호관(6-3)","일반건물","천왕사로","199","효빈광역시 북구 소조동","-27051","18904"
"사능주공 1단지","일반건물","효빈대학로","89","효빈광역시 북구 사능1동(사능동2가)","-28757","18915"
"동리아쿠아아파트","일반건물","효빈성로","167","효빈광역시 청엽구 동리동","-31117","18928"
"시청공원","일반건물","시청로","58","효빈광역시 북구 고송8동(고송동)","-25019","18938"
"소조초","일반건물","소조로","75","효빈광역시 북구 사능2동(사능동2가)","-27879","18955"
"신덕주공","일반건물","중보로","142","효빈광역시 중구 신덕동","-30380","18962"
"언어문학대학 동양언어관(10-1)","일반건물","소조로","47","효빈광역시 북구 소조동","-27199","18968"
"고송 부영 사랑으로 1단지","일반건물","시청로","87","효빈광역시 북구 고송7동(고송동)","-24364","18969"
"고송 부영1단지","일반건물","시청로","87","효빈광역시 북구 고송7동(고송동)","-24364","18969"
"강변아파트","일반건물","구창로","53","효빈광역시 북구 고송6동(고송동)","-24004","18971"
"사회복지학대학(7-1)","일반건물","소조로","129","효빈광역시 북구 소조동","-27057","18975"
"효빈대 사회복지학대학","일반건물","소조로","129","효빈광역시 북구 소조동","-27057","18975"
"고송 부영 사랑으로 2단지","일반건물","고송해안로","73","효빈광역시 북구 고송6동(고송동)","-23736","18978"
"사회복지학대학(7-1)","일반건물","소조로","123","효빈광역시 북구 소조동","-27055","18981"
"월림초","일반건물","시청로","116","효빈광역시 북구 청능동","-25397","18993"
"신덕동행정복지센터","일반건물","덕성로","156","효빈광역시 중구 신덕동","-30564","18997"
"청능역","지하철역","과진로","4","효빈광역시 북구 청능동","-25619","18999"
"사회과학대학 2호관(6-2)","일반건물","소조로","81","효빈광역시 북구 소조동","-27144","18999"
"서북중","일반건물","당찬로","101","효빈광역시 청엽구 마잡1동(마잡동)","-33090","19000"
"마잡 주공1단지","일반건물","괴신로","146","효빈광역시 청엽구 마잡1동(마잡동)","-32842","19004"
"중앙도서관역","지하철역","소조로","98","효빈광역시 북구 소조동","-26817","19005"
"소조 남산아파트","일반건물","소조로","120","효빈광역시 북구 소조동","-27390","19011"
"사회복지대역","지하철역","소조로","92","효빈광역시 북구 소조동","-27027","19012"
"마잡모카아파트","일반건물","괴신로","156","효빈광역시 청엽구 마잡1동(마잡동)","-33256","19012"
"동리초","일반건물","앵소로","30","효빈광역시 청엽구 동리동","-31730","19018"
"소조 빛여울채","일반건물","당선로","76","효빈광역시 북구 소조동","-27649","19020"
"버진아파트","일반건물","붕우로","111","효빈광역시 중구 내조2동(내조동)","-30072","19057"
"배선병원","일반건물","앵소로","71","효빈광역시 청엽구 동리동","-31629","19059"
"내조역","지하철역","중앙로","10","효빈광역시 중구 내조1동(내조동)","-29554","19062"
"서남초","일반건물","청엽로","92","효빈광역시 청엽구 동리동","-31463","19062"
"남부중","일반건물","붕우로","104","효빈광역시 청엽구 마잡1동(마잡동)","-32636","19063"
"내조2동행정복지센터","일반건물","붕우로","96","효빈광역시 중구 내조2동(내조동)","-29787","19075"
"남동초","일반건물","붕우로","84","효빈광역시 청엽구 마잡1동(마잡동)","-32700","19083"
"동리역","지하철역","청엽로","19","효빈광역시 청엽구 동리동","-31351","19090"
"소조역","지하철역","소조로","5","효빈광역시 북구 소조동","-26886","19098"
"효빈서부시장","일반건물","붕우로","70","효빈광역시 중구 내조2동(내조동)","-30146","19098"
"신덕초","일반건물","중보로","61","효빈광역시 중구 신덕동","-30290","19099"
"고송고","일반건물","구창로","55","효빈광역시 북구 고송6동(고송동)","-24003","19107"
"염곡신도시종점","일반건물","청상로","2","덕빈북도 기도군 염곡면 풍야리","-15993","19116"
"사능초","일반건물","당선로","85","효빈광역시 북구 사능2동(사능동2가)","-27825","19120"
"광해공업공단 효빈본부","일반건물","붕우로","54","효빈광역시 청엽구 마잡2동(마잡동)","-33606","19122"
"소조 아파트","일반건물","소조로","41","효빈광역시 북구 소조동","-26201","19140"
"청능동행정복지센터","일반건물","청능로","45","효빈광역시 북구 청능동","-25726","19141"
"소조2아파트","일반건물","소조로","47","효빈광역시 북구 소조동","-26556","19148"
"내조1동행정복지센터","일반건물","붕우로","24","효빈광역시 중구 내조1동(내조동)","-29384","19150"
"소조동행정복지센터","일반건물","소조로","60","효빈광역시 북구 소조동","-26694","19162"
"사능복지관역","지하철역","붕우로","9","효빈광역시 북구 사능1동(사능동2가)","-28658","19189"
"맥도날드 동리DT","일반건물","붕우로","32","효빈광역시 청엽구 동리동","-31309","19192"
"마잡1동행정복지센터","일반건물","붕우로","43","효빈광역시 청엽구 마잡1동(마잡동)","-32634","19210"
"내조초","일반건물","붕우로","45","효빈광역시 중구 내조1동(내조동)","-29339","19219"
"방송통신대 효빈본부","일반건물","붕우로","51","효빈광역시 중구 내조2동(내조동)","-30057","19219"
"사능2동행정복지센터","일반건물","당선로","126","효빈광역시 북구 사능2동(사능동2가)","-27913","19228"
"효빈중부소방서","일반건물","붕우로","67","효빈광역시 중구 신덕동","-30271","19234"
"사능타운아파트 1단지","일반건물","요소로","200","효빈광역시 북구 사능2동(사능동2가)","-28188","19245"
"사능시민아파트","일반건물","요소로","288","효빈광역시 북구 사능2동(사능동2가)","-28100","19247"
"모카중","일반건물","붕우로","78","효빈광역시 청엽구 마잡1동(마잡동)","-32907","19247"
"청능컴플린아파트","일반건물","청능로","80","효빈광역시 북구 청능동","-25868","19265"
"소조역 중앙하이츠 아파트","일반건물","천왕사로","122","효빈광역시 북구 소조동","-26847","19276"
"효빈교대 부설초","일반건물","전천로","142","효빈광역시 북구 사능2동(사능동2가)","-27398","19278"
"소조 호반베르디움 아파트","일반건물","천왕사로","129","효빈광역시 북구 소조동","-27098","19281"
"내조마이고아파트","일반건물","붕우로","110","효빈광역시 중구 내조1동(내조동)","-29560","19282"
"고송여고","일반건물","청능로","98","효빈광역시 북구 고송8동(고송동)","-24688","19285"
"우미 린 고송 2단지","일반건물","고송해안로","87","효빈광역시 북구 고송6동(고송동)","-23820","19291"
"동리여중고","일반건물","붕우로","130","효빈광역시 청엽구 동리동","-31521","19291"
"사능대우아파트","일반건물","붕우로","115","효빈광역시 북구 사능1동(사능동2가)","-28896","19293"
"청능초","일반건물","노현로","106","효빈광역시 북구 청능동","-26281","19304"
"우미 린 고송 1단지","일반건물","청고로","126","효빈광역시 북구 고송7동(고송동)","-24378","19331"
"우미린 고송아파트1단지","일반건물","청고로","126","효빈광역시 북구 고송7동(고송동)","-24378","19331"
"호언아파트","일반건물","도탄로","78","효빈광역시 북구 청능동","-26129","19353"
"소금초중학교","일반건물","청고로","79","효빈광역시 북구 고송7동(고송동)","-24173","19363"
"효빈중앙고","일반건물","성설로","153","효빈광역시 중구 내조1동(내조동)","-29361","19363"
"6호선 마잡차량기지","일반건물","붕우로","195","효빈광역시 청엽구 마잡2동(마잡동)","-33842","19371"
"한성 필하우스 고송아파트","일반건물","구창로","85","효빈광역시 북구 고송7동(고송동)","-24022","19372"
"고송코아루","일반건물","고송동서로","50","효빈광역시 북구 고송7동(고송동)","-25152","19373"
"철도사원1단지","일반건물","요소로","147","효빈광역시 북구 청능동","-25540","19379"
"효빈교통공사 6호선 마잡차량기지","일반건물","붕우로","208","효빈광역시 청엽구 마잡2동(마잡동)","-33846","19384"
"마잡 레인보우 아파트","일반건물","칠심로","137","효빈광역시 청엽구 마잡2동(마잡동)","-33368","19415"
"두산 위브 고송아파트","일반건물","요소로","109","효빈광역시 북구 고송7동(고송동)","-24745","19420"
"홈플러스 청능점","일반건물","도탄로","78","효빈광역시 북구 청능동","-25972","19429"
"청능 홈플러스","일반건물","도탄로","78","효빈광역시 북구 청능동","-25972","19429"
"동리뮤즈아파트","일반건물","앵소로","99","효빈광역시 청엽구 동리동","-31603","19449"
"동리 석양아파트","일반건물","앵소로","127","효빈광역시 청엽구 동리동","-31829","19449"
"생곡초","일반건물","당선로","94","효빈광역시 북구 사능2동(사능동2가)","-27755","19452"
"사능안원아파트","일반건물","당선로","264","효빈광역시 북구 사능2동(사능동2가)","-28114","19466"
"사능타운아파트2단지","일반건물","요소로","189","효빈광역시 북구 사능2동(사능동2가)","-28198","19476"
"유성당역","지하철역","효빈대학로","18","효빈광역시 북구 사능1동(사능동2가)","-28687","19486"
"중앙고역","지하철역","효빈역전로","143","효빈광역시 중구 내조1동(내조동)","-29571","19487"
"동고송역","지하철역","고송동서로","8","효빈광역시 북구 고송7동(고송동)","-25110","19538"
"사능중","일반건물","성설로","42","효빈광역시 북구 사능1동(사능동2가)","-29322","19542"
"사능 회주아파트","일반건물","효빈대학로","156","효빈광역시 북구 사능1동(사능동2가)","-28884","19544"
"신덕역","지하철역","덕성로","8","효빈광역시 중구 신덕동","-30384","19545"
"유로초","일반건물","요소로","27","효빈광역시 북구 고송7동(고송동)","-24674","19556"
"비마중","일반건물","효빈공단로","104","효빈광역시 청엽구 비마리동(비마동)","-32533","19568"
"색수중","일반건물","성설로","111","효빈광역시 청엽구 마잡1동(마잡동)","-32765","19577"
"농어촌공사효빈본부","일반건물","성설로","56","효빈광역시 청엽구 마잡2동(마잡동)","-33397","19630"
"청능아파트","일반건물","북효빈로","116","효빈광역시 북구 청능동","-26161","19636"
"고송강변공원","일반건물","요소로","123","효빈광역시 북구 고송7동(고송동)","-24837","19652"
"국가철도공단 효빈본부","일반건물","요소로","141","효빈광역시 북구 청능동","-25744","19672"
"고송강변아파트","일반건물","고송동서로","130","효빈광역시 북구 고송7동(고송동)","-24972","19673"
"호중교차로","일반건물","덕성로","14","효빈광역시 중구 신덕동","-30303","19688"
"마잡역","지하철역","성설로","4","효빈광역시 청엽구 마잡2동(마잡동)","-33660","19689"
"야마부키 베이커리 효빈점","일반건물","요소로","79","효빈광역시 북구 사능2동(사능동3가)","-28468","19706"
"천왕사 제일아파트","일반건물","천왕사로","147","효빈광역시 북구 천왕사동","-27115","19715"
"천왕사 행복주택","일반건물","천왕사로","97","효빈광역시 북구 천왕사동","-26871","19732"
"동고송역 푸르지오","일반건물","고송동서로","74","효빈광역시 북구 고송7동(고송동)","-25176","19737"
"효빈교육대학교","일반건물","노현로","80","효빈광역시 북구 천왕사동","-26474","19740"
"사능동3가역","지하철역","효빈대학로","24","효빈광역시 북구 사능1동(사능동3가)","-28754","19745"
"내조공원","일반건물","효빈역전로","98","효빈광역시 중구 내조1동(내조동)","-29619","19754"
"단남초","일반건물","성설로","57","효빈광역시 청엽구 비마리동(사노동)","-30899","19756"
"반도유보라 고송아파트","일반건물","청고로","143","효빈광역시 북구 고송7동(고송동)","-24108","19764"
"내조공원역","지하철역","효빈역전로","67","효빈광역시 중구 내조1동(내조동)","-29650","19769"
"LG전자 베스트샵 마잡점","일반건물","성설로","83","효빈광역시 청엽구 마잡2동(마잡동)","-34331","19769"
"철도사원2단지","일반건물","고송대로","53","효빈광역시 북구 청능동","-25554","19772"
"색수초","일반건물","당찬로","42","효빈광역시 청엽구 마잡2동(마잡동)","-33021","19777"
"북효빈역","지하철역","요소로","82","효빈광역시 북구 청능동","-25988","19778"
"마잡중","일반건물","성설로","95","효빈광역시 청엽구 마잡2동(마잡동)","-33906","19779"
"이마트 마잡점","일반건물","구락로","8","효빈광역시 청엽구 마잡2동(마잡동)","-34105","19789"
"빌리브 고송아파트","일반건물","청고로","142","효빈광역시 북구 고송7동(고송동)","-24393","19791"
"치남 더샵아파트(2029년예정)","일반건물","역사로","142","효빈광역시 북구 사능1동(치남동)","-29165","19795"
"청능주공","일반건물","고송동서로","175","효빈광역시 북구 청능동","-25277","19806"
"마잡주공2단지","일반건물","성설로","131","효빈광역시 청엽구 마잡2동(마잡동)","-33323","19817"
"이사초중학교","일반건물","성설로","127","효빈광역시 청엽구 비마리동(비마동)","-31834","19819"
"이사중학교","일반건물","성설로","127","효빈광역시 청엽구 비마리동(비마동)","-31834","19819"
"맥도날드 마잡DT","일반건물","당찬로","77","효빈광역시 청엽구 마잡1동(마잡동)","-32902","19829"
"포레나 고송아파트","일반건물","효빈로","88","효빈광역시 북구 고송7동(고송동)","-24657","19850"
"사능1동행정복지센터","일반건물","역사로","67","효빈광역시 북구 사능1동(사능동3가)","-28537","19868"
"마잡2동행정복지센터","일반건물","칠심로","51","효빈광역시 청엽구 마잡2동(마잡동)","-33549","19880"
"고송7동행정복지센터","일반건물","고화로","134","효빈광역시 북구 고송7동(고송동)","-24844","19890"
"사가당 우미린 아파트","일반건물","성설로","207","효빈광역시 동구 사가당1동(사가당동)","-30463","19914"
"동곡초","일반건물","창전로","70","효빈광역시 창전구 동곡동","-34385","19915"
"사능역","지하철역","역사로","10","효빈광역시 북구 사능1동(사능동3가)","-28721","19925"
"비마리유적지구","일반건물","앵소로","157","효빈광역시 청엽구 비마리동(비마동)","-31547","19932"
"비마리유적공원사거리","일반건물","앵소로","157","효빈광역시 청엽구 비마리동(비마동)","-31547","19932"
"비마 로젤리아 아파트","일반건물","효빈공단로","215","효빈광역시 청엽구 비마리동(비마동)","-32215","19933"
"치남역","지하철역","뿌리빛로","23","효빈광역시 북구 사능1동(치남동)","-28846","19940"
"홈플러스 효빈역점","일반건물","효빈역전로","45","효빈광역시 동구 사가당1동(사가당동)","-29764","19953"
"비마리유적지구역","지하철역","청엽로","8","효빈광역시 청엽구 비마리동(비마동)","-31354","19989"
"고속버스터미널역","지하철역","요소로","5","효빈광역시 북구 천왕사동(해서동)","-27780","20003"
"한국철도공사 효빈본부","일반건물","청능도매시장로","276","효빈광역시 북구 청능동(입선동)","-25898","20004"
"사가당공원","일반건물","덕성로","60","효빈광역시 동구 사가당1동(사가당동)","-30248","20023"
"비마고","일반건물","효빈공단로","92","효빈광역시 청엽구 비마리동(비마동)","-32522","20030"
"사가당공원","일반건물","역사로","101","효빈광역시 북구 사능1동(치남동)","-29235","20056"
"신세계백화점 효빈점","일반건물","요소로","82","효빈광역시 북구 천왕사동(해서동)","-27601","20088"
"사능고","일반건물","효빈대학로","95","효빈광역시 북구 사능1동(치남동)","-28904","20095"
"가족센터역","지하철역","효빈대학로","3","효빈광역시 북구 사능1동(치남동)","-29109","20130"
"메가박스 효빈터미널","일반건물","요소로","140","효빈광역시 북구 천왕사동(해서동)","-27657","20146"
"동곡아파트","일반건물","창전로","132","효빈광역시 창전구 동곡동","-34323","20158"
"비마 쓰리와이 2단지","일반건물","효빈공단로","216","효빈광역시 청엽구 비마리동(비마동)","-32215","20164"
"언산초","일반건물","효빈공단로","177","효빈광역시 청엽구 비마리동(비마동)","-32608","20172"
"마잡주공3단지","일반건물","칠심로","181","효빈광역시 청엽구 마잡2동(마잡동)","-33312","20172"
"한라비발디 고송아파트","일반건물","청고로","142","효빈광역시 북구 고송7동(고송동)","-24393","20202"
"비동역","지하철역","당찬로","36","효빈광역시 청엽구 마잡2동(마잡동)","-32938","20213"
"효빈고속버스터미널","일반건물","당선로","176","효빈광역시 북구 천왕사동(해서동)","-27717","20254"
"북구가족센터","일반건물","효빈대학로","36","효빈광역시 동구 사가당1동(사가당동)","-29240","20260"
"선부아파트","일반건물","고송동서로","184","효빈광역시 북구 청능동","-25292","20264"
"비마 베르데 아파트","일반건물","앵소로","165","효빈광역시 청엽구 비마리동(비마동)","-31870","20268"
"금호어울림 고송아파트","일반건물","효빈로","135","효빈광역시 북구 진희동(고송동)","-24703","20281"
"효빈제일초중고등학교","일반건물","고송동서로","101","효빈광역시 북구 진희동","-25007","20282"
"북구 가족센터","일반건물","효빈대학로","89","효빈광역시 동구 사가당1동(사가당동)","-29178","20282"
"우전병원","일반건물","칠심로","73","효빈광역시 청엽구 마잡2동(서증동)","-33564","20284"
"천년가 고송아파트","일반건물","고송해안로","122","효빈광역시 북구 고송7동(고송동)","-24108","20286"
"쉐르빌 고송","일반건물","고송동서로","41","효빈광역시 북구 진희동","-25149","20288"
"사가당공원역","지하철역","효빈대학로","1","효빈광역시 동구 사가당1동(사가당동)","-29363","20302"
"효빈역 아쿠아 아파트","일반건물","효빈역전로","110","효빈광역시 동구 사가당1동(사가당동)","-29596","20305"
"맥도날드 효빈터미널점","일반건물","당선로","232","효빈광역시 북구 천왕사동(해서동)","-27665","20322"
"소부초중학교","일반건물","효빈로","87","효빈광역시 북구 진희동","-24481","20351"
"HSCO(북구 생곡동)","일반건물","뿌리빛로","221","효빈광역시 북구 사능1동(생곡동)","-28359","20362"
"청능도매시장","일반건물","청능도매시장로","72","효빈광역시 북구 청능동(입선동)","-26101","20367"
"동부경찰서","일반건물","효빈역전로","114","효빈광역시 동구 사가당1동(사가당동)","-29818","20368"
"사능행복주택","일반건물","뿌리빛로","256","효빈광역시 북구 사능1동(사능동3가)","-28838","20374"
"비마 쓰리와이 3단지","일반건물","효빈공단로","233","효빈광역시 청엽구 비마리동(비마동)","-32200","20383"
"효빈북여자중고등학교","일반건물","이남로","74","효빈광역시 북구 진희동","-24343","20388"
"효빈북여자고등학교","일반건물","이남로","74","효빈광역시 북구 진희동","-24343","20388"
"에덴빌","일반건물","창전로","161","효빈광역시 창전구 동곡동","-34293","20467"
"비마 금광 베네스타 아파트","일반건물","앵소로","194","효빈광역시 청엽구 비마리동(비마동)","-31900","20470"
"사가당 주공 아파트 1단지","일반건물","덕성로","247","효빈광역시 동구 사가당1동(사가당동)","-30266","20472"
"사능가족아파트","일반건물","에이치스코로","156","효빈광역시 북구 사능1동(치남동)","-29002","20480"
"사가당1동행정복지센터","일반건물","덕성로","56","효빈광역시 동구 사가당1동(사가당동)","-30062","20488"
"이마트 효빈터미널점","일반건물","보몽로","104","효빈광역시 북구 천왕사동(해서동)","-27620","20495"
"효빈시외버스터미널","일반건물","당선로","71","효빈광역시 북구 천왕사동(해서동)","-27836","20504"
"입선아파트","일반건물","이남로","55","효빈광역시 북구 청능동(입선동)","-25828","20517"
"마잡 루비 아파트","일반건물","당찬로","43","효빈광역시 청엽구 마잡2동(마잡동)","-33013","20560"
"원각초","일반건물","고송동서로","59","효빈광역시 북구 진희동","-25170","20565"
"효빈역","지하철역","효빈역전로","15","효빈광역시 동구 사가당1동(사가당동)","-29645","20568"
"산남고","일반건물","고송대로","85","효빈광역시 북구 청능동(입선동)","-25655","20569"
"천왕사(절)","일반건물","이남로","46","효빈광역시 북구 천왕사동","-26764","20575"
"CGV 효빈역","일반건물","효빈역전로","109","효빈광역시 동구 사가당1동(사가당동)","-29744","20579"
"애니메이트 효빈역점","일반건물","효빈역전로","82","효빈광역시 동구 사가당1동(사가당동)","-29533","20580"
"ak플라자 효빈점","일반건물","효빈역전로","115","효빈광역시 동구 사가당1동(사가당동)","-29490","20595"
"버거킹 효빈역점","일반건물","효빈역전로","116","효빈광역시 동구 사가당1동(사가당동)","-29734","20616"
"비마 푸르지오 1단지","일반건물","효빈공단로","105","효빈광역시 청엽구 비마리동(비마동)","-32540","20625"
"입상","일반건물","이남로","196","효빈광역시 북구 청능동(입희동)","-25381","20658"
"서노초","일반건물","효빈로","133","효빈광역시 북구 진희동","-24702","20667"
"비마리동행정복지센터","일반건물","앵소로","68","효빈광역시 청엽구 비마리동(비마동)","-31639","20668"
"비마동행정복지센터","일반건물","앵소로","68","효빈광역시 청엽구 비마리동(비마동)","-31639","20668"
"진희주공1단지","일반건물","청고로","125","효빈광역시 북구 진희동","-24382","20669"
"비마 푸르지오 2단지","일반건물","노산로","186","효빈광역시 청엽구 비마리동(비마동)","-32205","20679"
"시장상인아파트","일반건물","청능도매시장로","83","효빈광역시 북구 청능동(입선동)","-26089","20692"
"효빈역","일반건물","효빈역전로","92","효빈광역시 동구 사가당1동(사가당동)","-29672","20693"
"버거킹 천왕사점","일반건물","세하로","43","효빈광역시 북구 천왕사동","-27344","20695"
"사가당초","일반건물","우택로","75","효빈광역시 동구 사가당1동(사가당동)","-30115","20705"
"한신더휴진희","일반건물","고송해안로","127","효빈광역시 북구 진희동","-24098","20708"
"북천","일반건물","창전로","83","효빈광역시 창전구 동곡동","-34537","20709"
"입선초중학교","일반건물","입선로","145","효빈광역시 북구 청능동(입선동)","-25567","20719"
"색수고","일반건물","노산로","141","효빈광역시 청엽구 마잡2동(마잡동)","-32755","20725"
"KFC 효빈역점","일반건물","효빈역전로","178","효빈광역시 동구 사가당1동(사가당동)","-29751","20728"
"진희역","지하철역","고송동서로","94","효빈광역시 북구 진희동","-25019","20743"
"사노고","일반건물","앵소로","118","효빈광역시 청엽구 비마리동(사노동)","-31089","20748"
"비마 쓰리와이 1단지","일반건물","노산로","116","효빈광역시 청엽구 비마리동(비마동)","-31833","20748"
"맥도날드 효빈역","일반건물","효빈역전로","132","효빈광역시 동구 사가당1동(사가당동)","-29688","20755"
"마린시티","일반건물","노산로","114","효빈광역시 창전구 동곡동","-34328","20755"
"천왕아파트","일반건물","입선로","106","효빈광역시 북구 천왕사동","-26537","20756"
"천왕사아파트1단지","일반건물","입선로","116","효빈광역시 북구 천왕사동","-26822","20756"
"월삼중고등학교","일반건물","노산로","112","효빈광역시 창전구 동곡동","-34665","20758"
"동곡중고등학교","일반건물","노산로","100","효빈광역시 창전구 동곡동","-33920","20769"
"해서중","일반건물","세하로","142","효빈광역시 북구 천왕사동(해서동)","-27538","20774"
"효빈소방본부","일반건물","청엽로","68","효빈광역시 청엽구 비마리동(사노동)","-31423","20774"
"효빈지방소방본부","일반건물","청엽로","68","효빈광역시 청엽구 비마리동(사노동)","-31423","20774"
"GS자이 아파트 덕현","일반건물","에이치스코로","144","효빈광역시 동구 덕현1동(덕현동)","-28840","20782"
"천왕사초","일반건물","이남로","189","효빈광역시 북구 천왕사동","-27172","20814"
"한국환경공단 효빈덕북환경본부","일반건물","입선로","30","효빈광역시 북구 진희동","-25065","20838"
"해서초","일반건물","보몽로","201","효빈광역시 북구 천왕사동(해서동)","-27696","20848"
"개포초","일반건물","당선로","112","효빈광역시 북구 천왕사동(해서동)","-27816","20850"
"효빈역 주공","일반건물","덕성로","60","효빈광역시 동구 사가당1동(사가당동)","-30019","20851"
"비마역","지하철역","노산로","10","효빈광역시 청엽구 비마리동(비마동)","-32496","20856"
"사노역","지하철역","앵소로","0","효빈광역시 청엽구 비마리동(사노동)","-31356","20868"
"효빈동초","일반건물","효빈역전로","91","효빈광역시 동구 덕현1동(덕현동)","-29410","20882"
"입선역","지하철역","청능도매시장로","11","효빈광역시 북구 청능동(입선동)","-26161","20886"
"사가당2동행정복지센터","일반건물","앵소로","39","효빈광역시 동구 사가당2동(사가당동)","-30474","20895"
"맥도날드 사노DT","일반건물","노산로","47","효빈광역시 청엽구 비마리동(사노동)","-31856","20911"
"버거킹 비마점","일반건물","효빈공단로","44","효빈광역시 청엽구 비마리동(사노동)","-32394","20924"
"새곡초","일반건물","악내로","36","효빈광역시 청엽구 비마리동(사노동)","-30841","20946"
"단라초","일반건물","노산로","83","효빈광역시 청엽구 비마리동(사노동)","-31977","20948"
"서증초","일반건물","노산로","88","효빈광역시 청엽구 마잡2동(서증동)","-33655","20956"
"효빈동여자중고등학교","일반건물","덕성로","91","효빈광역시 동구 사가당1동(사가당동)","-30035","20966"
"사가당고","일반건물","앵소로","100","효빈광역시 동구 사가당2동(사가당동)","-30595","20970"
"비내중","일반건물","노산로","114","효빈광역시 청엽구 비마리동(사노동)","-32640","20980"
"산원초","일반건물","구락로","90","효빈광역시 창전구 동곡동","-34168","20984"
"이남고","일반건물","노현로","60","효빈광역시 북구 청능동(입선동)","-26329","20988"
"사노 팔레트 아파트","일반건물","노산로","123","효빈광역시 청엽구 비마리동(사노동)","-32135","20988"
"천왕사아파트 2단지","일반건물","평안명로","109","효빈광역시 북구 천왕사동","-26574","20992"
"치남초","일반건물","입선로","129","효빈광역시 북구 청능동(입희동)","-25486","20994"
"사경초","일반건물","악내로","56","효빈광역시 동구 사가당2동(사가당동)","-30749","20994"
"롯데백화점 진희점","일반건물","고송동서로","90","효빈광역시 북구 진희동","-25025","21006"
"천왕사중고","일반건물","천왕사로","106","효빈광역시 북구 천왕사동","-26858","21017"
"효빈북부공고","일반건물","중탄로","118","효빈광역시 북구 천왕사동(해서동)","-27678","21028"
"더리브 진희","일반건물","고송동서로","24","효빈광역시 북구 진희동","-25139","21034"
"사노초","일반건물","청엽로","94","효빈광역시 청엽구 비마리동(사노동)","-31447","21040"
"스타시티 아파트","일반건물","고송동서로","167","효빈광역시 북구 청능동(입희동)","-25282","21044"
"진희이편한세상","일반건물","고송해안로","123","효빈광역시 북구 진희동","-24081","21051"
"서증 샤론 아파트","일반건물","당찬로","154","효빈광역시 청엽구 마잡2동(서증동)","-32814","21055"
"입희주공","일반건물","소진로","164","효빈광역시 북구 청능동(입희동)","-25710","21056"
"동구초","일반건물","우택로","41","효빈광역시 동구 사가당2동(사가당동)","-30165","21060"
"롯데시네마 진희","일반건물","고송동서로","88","효빈광역시 북구 진희동","-25027","21068"
"동곡베이트아파트","일반건물","창전로","112","효빈광역시 창전구 동곡동","-34565","21075"
"보몽역","지하철역","보몽로","12","효빈광역시 동구 전천동","-28830","21076"
"전천역","지하철역","전천로","9","효빈광역시 동구 전천동","-28259","21077"
"동부소방서","일반건물","덕청대로","56","효빈광역시 동구 덕현1동(덕현동)","-29766","21093"
"불라인아파트","일반건물","고송대로","119","효빈광역시 북구 청능동(입희동)","-26042","21098"
"동곡동행정복지센터","일반건물","구락로","78","효빈광역시 창전구 동곡동","-33998","21110"
"근선초","일반건물","청능도매시장로","104","효빈광역시 북구 청능동(입선동)","-26275","21118"
"롯데슈퍼 효빈사가당점","일반건물","덕성로","73","효빈광역시 동구 사가당2동(사가당동)","-30013","21140"
"롯데마트 진희점","일반건물","소진로","69","효빈광역시 북구 진희동","-25006","21145"
"가동사거리역","지하철역","앵소로","0","효빈광역시 동구 사가당2동(사가당동)","-30305","21150"
"천왕사동행정복지센터","일반건물","천왕사로","61","효빈광역시 북구 천왕사동","-27024","21164"
"보몽역 자이아파트","일반건물","뿌리빛로","98","효빈광역시 동구 전천동","-28749","21181"
"덕현 시영아파트","일반건물","효빈역전로","93","효빈광역시 동구 덕현1동(덕현동)","-29529","21198"
"진희주공2단지","일반건물","운동장로","186","효빈광역시 북구 진희동","-24460","21204"
"사노 아잘레아 아파트 1단지","일반건물","효빈공단로","127","효빈광역시 청엽구 비마리동(사노동)","-32568","21219"
"투자베르데 아파트","일반건물","덕청대로","104","효빈광역시 창전구 동곡동(투자동)","-35016","21223"
"효빈동중고등학교","일반건물","덕청대로","68","효빈광역시 동구 덕현2동(덕현동)","-29819","21224"
"효빈동고등학교","일반건물","덕청대로","68","효빈광역시 동구 덕현2동(덕현동)","-29819","21224"
"사노 파스텔아파트","일반건물","효빈공단로","267","효빈광역시 청엽구 비마리동(사노동)","-32174","21237"
"사가당 롯데아파트","일반건물","앵소로","124","효빈광역시 동구 사가당2동(사가당동)","-30074","21238"
"덕현아파트 1단지","일반건물","보몽로","211","효빈광역시 동구 덕현1동(덕현동)","-29214","21250"
"천왕사역","지하철역","중탄로","9","효빈광역시 북구 천왕사동","-27125","21262"
"도모초","일반건물","중탄로","61","효빈광역시 북구 천왕사동","-27330","21276"
"입희중","일반건물","소진로","70","효빈광역시 북구 청능동(입희동)","-25716","21290"
"사가당 푸르지오 아파트 1단지","일반건물","송남로","179","효빈광역시 동구 사가당3동(사가당동)","-30494","21292"
"삼선대병원","일반건물","소진로","99","효빈광역시 북구 청능동(입희동)","-25866","21320"
"사노중","일반건물","구남로","78","효빈광역시 청엽구 비마리동(사노동)","-31772","21327"
"잠선초","일반건물","운동장로","95","효빈광역시 북구 진희동","-24141","21328"
"동곡역","지하철역","덕청대로","2","효빈광역시 창전구 동곡동","-34063","21329"
"덕현1동행정복지센터","일반건물","보몽로","20","효빈광역시 동구 덕현1동(덕현동)","-29055","21363"
"이엽초","일반건물","덕청대로","49","효빈광역시 창전구 동곡동","-34219","21374"
"서증중","일반건물","당찬로","113","효빈광역시 청엽구 마잡2동(서증동)","-32853","21383"
"신나초","일반건물","효빈공단로","98","효빈광역시 청엽구 비마리동(사노동)","-32345","21398"
"트레이더스 진희점","일반건물","청고로","26","효빈광역시 북구 진희동","-24293","21408"
"진희트레이더스","일반건물","청고로","26","효빈광역시 북구 진희동","-24293","21408"
"진희 이지더원","일반건물","고송해안로","110","효빈광역시 북구 진희동","-24019","21409"
"기타초","일반건물","송남로","154","효빈광역시 청엽구 비마리동(사노동)","-32110","21415"
"애포초(예정)","일반건물","청엽로","53","효빈광역시 청엽구 비마리동(사노동)","-31302","21418"
"동구청공원","일반건물","덕청대로","58","효빈광역시 동구 덕현2동(덕현동)","-29766","21422"
"홈플러스 사노점","일반건물","송남로","81","효빈광역시 청엽구 비마리동(사노동)","-30893","21425"
"어장고","일반건물","구남로","66","효빈광역시 청엽구 비마리동(사노동)","-31970","21432"
"덕현 서희 스타힐스 아파트","일반건물","뿌리빛로","168","효빈광역시 동구 덕현1동(덕현동)","-28842","21440"
"덕현아파트 2단지","일반건물","보몽로","174","효빈광역시 동구 덕현1동(덕현동)","-29408","21440"
"롯데시네마 청엽","일반건물","송남로","109","효빈광역시 청엽구 비마리동(사노동)","-30998","21453"
"맥도날드 동곡DT","일반건물","덕청대로","59","효빈광역시 창전구 동곡동","-33830","21453"
"백천역","지하철역","중탄로","9","효빈광역시 북구 천왕사동","-26603","21481"
"투자초중학교","일반건물","창전로","74","효빈광역시 창전구 동곡동","-34526","21490"
"고점초","일반건물","효빈공단로","104","효빈광역시 청엽구 청엽1동(청엽동)","-32548","21519"
"동구청","일반건물","덕성로","60","효빈광역시 동구 덕현2동(덕현동)","-29895","21524"
"천왕사 푸르지오 아파트 1단지","일반건물","천왕사로","148","효빈광역시 북구 천왕사동","-27110","21535"
"전천동행정복지센터","일반건물","전천로","102","효빈광역시 동구 전천동","-28428","21538"
"사가당3동행정복지센터","일반건물","우택로","58","효빈광역시 동구 사가당3동(사가당동)","-30337","21538"
"사가당 주공 아파트 2단지","일반건물","앵소로","125","효빈광역시 동구 사가당3동(사가당동)","-30145","21545"
"마장중","일반건물","송남로","84","효빈광역시 청엽구 청엽6동(청엽동)","-31755","21550"
"투자 모르포니카아파트","일반건물","팔삼로","13","효빈광역시 창전구 동곡동(투자동)","-35235","21563"
"투자역","지하철역","동곡로","2","효빈광역시 창전구 동곡동(투자동)","-34804","21572"
"선자대학교","일반건물","전천로","139","효빈광역시 동구 전천동","-28190","21575"
"덕현2동행정복지센터","일반건물","덕청대로","23","효빈광역시 동구 덕현2동(덕현동)","-29753","21581"
"송엽상고","일반건물","외초로","73","효빈광역시 청엽구 청엽5동(청엽동)","-31281","21593"
"효빈동구보건소","일반건물","오내로","71","효빈광역시 동구 덕현2동(덕현동)","-29831","21628"
"사가당 푸르지오 아파트 2단지","일반건물","우택로","201","효빈광역시 동구 사가당3동(사가당동)","-30467","21649"
"천왕사 래미안 아파트(2029년예정)","일반건물","세하로","176","효빈광역시 북구 천왕사동","-27326","21656"
"효빈종합운동장 북부","일반건물","고송대로","43","효빈광역시 북구 청능동(입희동)","-26058","21657"
"청엽5동행정복지센터","일반건물","외초로","169","효빈광역시 청엽구 청엽5동(청엽동)","-31143","21658"
"쌍엽여중고","일반건물","창전로","56","효빈광역시 창전구 동곡동","-34508","21663"
"우전 영무예다음 아파트","일반건물","당찬로","158","효빈광역시 청엽구 우전1동(우전동)","-32807","21666"
"청엽아쿠아 1단지","일반건물","송남로","50","효빈광역시 청엽구 청엽1동(청엽동)","-32276","21669"
"효빈종합고역","지하철역","효빈로","13","효빈광역시 북구 진희동","-24842","21697"
"진희고","일반건물","고송해안로","121","효빈광역시 북구 진희동","-23917","21712"
"청엽병원","일반건물","구남로","34","효빈광역시 청엽구 청엽6동(청엽동)","-31530","21729"
"버거킹 덕현역점","일반건물","오내로","29","효빈광역시 동구 덕현2동(덕현동)","-29874","21743"
"덕현 아크로 폴리스 아파트","일반건물","뿌리빛로","130","효빈광역시 동구 덕현3동(덕현동)","-28830","21747"
"고속철도공원","일반건물","효빈역전로","134","효빈광역시 동구 덕현3동(덕현동)","-29373","21748"
"청엽아쿠아2단지","일반건물","효빈공단로","139","효빈광역시 청엽구 청엽1동(청엽동)","-32585","21748"
"내산초","일반건물","동곡로","98","효빈광역시 창전구 동곡동(투자동)","-34904","21749"
"덕현3아파트","일반건물","효빈역전로","107","효빈광역시 동구 덕현2동(덕현동)","-29623","21752"
"덕현 이편한세상 아파트","일반건물","보몽로","171","효빈광역시 동구 덕현3동(덕현동)","-29209","21782"
"모카고","일반건물","구남로","78","효빈광역시 청엽구 청엽6동(청엽동)","-31636","21786"
"우전포핀아파트","일반건물","당찬로","106","효빈광역시 청엽구 우전1동(우전동)","-33070","21786"
"한국승강기안전공단 효빈덕빈지역본부","일반건물","구남로","112","효빈광역시 청엽구 청엽1동(청엽동)","-32165","21791"
"맥도날드 진희DT","일반건물","청고로","71","효빈광역시 북구 진희동","-24196","21795"
"덕현역","지하철역","오내로","1","효빈광역시 동구 덕현2동(덕현동)","-29788","21820"
"진희동행정복지센터","일반건물","청고로","23","효빈광역시 북구 진희동","-24290","21846"
"덕현중","일반건물","앵소로","84","효빈광역시 동구 덕현2동(덕현동)","-30038","21853"
"효빈북부소방서","일반건물","운동장로","150","효빈광역시 북구 청능동(입희동)","-25964","21854"
"신괴초","일반건물","덕청대로","95","효빈광역시 청엽구 우전1동(우전동)","-33286","21883"
"버거킹 투자점","일반건물","창전로","30","효빈광역시 창전구 동곡동(투자동)","-34482","21887"
"이지움 진희아파트","일반건물","고송해안로","85","효빈광역시 북구 진희동","-23842","21897"
"청엽6동행정복지센터","일반건물","구남로","227","효빈광역시 청엽구 청엽6동(청엽동)","-31772","21898"
"청엽초","일반건물","악내로","121","효빈광역시 청엽구 청엽5동(청엽동)","-30676","21903"
"오내 미래모아도 2단지","일반건물","세하로","153","효빈광역시 북구 오내1동(오내동)","-27383","21924"
"원남중","일반건물","송남로","114","효빈광역시 청엽구 우전1동(우전동)","-32640","21928"
"버거킹 입희점","일반건물","운동장로","40","효빈광역시 북구 진희동(입희동)","-25172","21929"
"오내 프리아파트","일반건물","천왕사로","149","효빈광역시 북구 오내1동(오내동)","-27110","21939"
"전천 주공아파트 1단지","일반건물","뿌리빛로","120","효빈광역시 동구 전천동","-28838","21954"
"전천주공1단지","일반건물","뿌리빛로","120","효빈광역시 동구 전천동","-28838","21954"
"팔조역","지하철역","팔조로","9","효빈광역시 창전구 팔조동","-35759","21957"
"입희역","지하철역","중탄로","14","효빈광역시 북구 청능동(입희동)","-26145","21960"
"오내 미래모아도 1단지","일반건물","운동장로","137","효빈광역시 북구 오내2동(오내동)","-27822","21968"
"롯데백화점 청엽점","일반건물","구남로","154","효빈광역시 청엽구 청엽1동(청엽동)","-32285","21973"
"전야공원","일반건물","효빈역전로","100","효빈광역시 동구 덕현3동(덕현동)","-29336","21987"
"CGV 청엽","일반건물","구남로","28","효빈광역시 청엽구 청엽6동(청엽동)","-31503","21988"
"월언초","일반건물","당찬로","164","효빈광역시 청엽구 우전1동(우전동)","-32800","21988"
"효빈종합고등학교","일반건물","소진로","153","효빈광역시 북구 진희동","-24642","21993"
"팔천중고등학교","일반건물","덕청대로","32","효빈광역시 청엽구 우전1동(우전동)","-33325","22018"
"맥도날드 덕현DT","일반건물","앵소로","52","효빈광역시 동구 덕현2동(덕현동)","-29895","22028"
"전덕초중학교","일반건물","운동장로","107","효빈광역시 동구 덕현3동(덕현동)","-29105","22039"
"산군중학교","일반건물","운동장로","118","효빈광역시 동구 덕현3동(덕현동)","-29279","22046"
"팔조 아이르 아파트","일반건물","팔조로","90","효빈광역시 창전구 팔조동","-35357","22054"
"롯데마트 맥스 창전점","일반건물","팔조로","105","효빈광역시 창전구 동곡동(투자동)","-34645","22067"
"청엽 아쿠아 2단지","일반건물","구남로","182","효빈광역시 청엽구 청엽1동(청엽동)","-31965","22079"
"청엽 우미 린 아파트","일반건물","청엽로","125","효빈광역시 청엽구 청엽6동(청엽동)","-31321","22082"
"투자 더샵 아파트(2027)","일반건물","팔조로","125","효빈광역시 창전구 동곡동(투자동)","-35000","22088"
"사가당아파트1단지","일반건물","우택로","32","효빈광역시 동구 사가당3동(사가당동)","-30175","22092"
"청엽경찰서","일반건물","청엽로","31","효빈광역시 청엽구 청엽6동(청엽동)","-31480","22094"
"모포 아파트","일반건물","구한로","118","효빈광역시 창전구 팔조동","-35668","22096"
"청엽우방 아이유쉘 아파트","일반건물","덕청대로","181","효빈광역시 청엽구 청엽6동(청엽동)","-31707","22116"
"청엽 중해 마루힐 아파트","일반건물","외초로","112","효빈광역시 청엽구 청엽5동(청엽동)","-30979","22133"
"전천중","일반건물","운동장로","28","효빈광역시 동구 전천동","-28631","22140"
"홈플러스 청엽점","일반건물","효빈공단로","113","효빈광역시 청엽구 청엽1동(청엽동)","-32337","22145"
"효빈 종합운동장","일반건물","운동장로","162","효빈광역시 북구 청능동(입희동)","-25583","22160"
"청엽홈플러스","일반건물","효빈공단로","109","효빈광역시 청엽구 청엽1동(청엽동)","-32341","22163"
"청엽구민공원","일반건물","덕청대로","101","효빈광역시 청엽구 우전1동(우전동)","-32564","22179"
"이현초","일반건물","운동장로","62","효빈광역시 북구 청능동(입희동)","-26562","22183"
"청엽중고등학교","일반건물","악내로","67","효빈광역시 청엽구 청엽5동(청엽동)","-30728","22189"
"덕현3동행정복지센터","일반건물","운동장로","41","효빈광역시 동구 덕현3동(덕현동)","-29217","22199"
"청남초","일반건물","평안명로","30","효빈광역시 북구 청능동(입희동)","-26653","22203"
"청남중고","일반건물","운동장로","83","효빈광역시 북구 청능동(입희동)","-26407","22206"
"사가당아파트 2단지","일반건물","덕청대로","85","효빈광역시 동구 사가당3동(사가당동)","-30354","22210"
"만초중","일반건물","케손로","57","효빈광역시 북구 진희동","-23985","22224"
"쌍엽 푸르지오 2단지","일반건물","칠심로","131","효빈광역시 창전구 쌍엽2동(쌍엽동)","-33603","22225"
"청엽우체국","일반건물","악내로","33","효빈광역시 청엽구 청엽5동(청엽동)","-30828","22227"
"추산초","일반건물","중탄로","129","효빈광역시 북구 청능동(입희동)","-25845","22230"
"결나공원","일반건물","오내로","39","효빈광역시 동구 덕현3동(덕현동)","-29453","22234"
"오내고등학교","일반건물","운동장로","126","효빈광역시 북구 오내1동(오내동)","-27169","22237"
"빈동중고등학교","일반건물","덕청대로","44","효빈광역시 청엽구 청엽1동(청엽동)","-32162","22252"
"빈동고등학교","일반건물","덕청대로","44","효빈광역시 청엽구 청엽1동(청엽동)","-32162","22252"
"3호선 팔조차량기지","일반건물","대도로","274","효빈광역시 창전구 팔조동","-36154","22252"
"오내초등학교","일반건물","세하로","95","효빈광역시 북구 오내1동(오내동)","-27483","22262"
"덕현역아파트1단지","일반건물","오내로","189","효빈광역시 동구 덕현3동(덕현동)","-29706","22269"
"사가당역","지하철역","우택로","2","효빈광역시 동구 사가당3동(사가당동)","-30186","22271"
"효빈남부시외버스터미널역","지하철역","덕청대로","8","효빈광역시 청엽구 우전1동(우전동)","-32817","22279"
"입희아파트","일반건물","고송동서로","50","효빈광역시 북구 진희동(입희동)","-25164","22280"
"오내주공1단지","일반건물","당선로","108","효빈광역시 북구 오내2동(오내동)","-27909","22288"
"세리아아파트","일반건물","고송동서로","170","효빈광역시 북구 진희동(입희동)","-25284","22294"
"천풍공원","일반건물","운동장로","157","효빈광역시 동구 덕현3동(덕현동)","-29073","22301"
"청엽구청역","지하철역","덕청대로","4","효빈광역시 청엽구 청엽6동(청엽동)","-31482","22301"
"덕현주공1단지","일반건물","앵소로","102","효빈광역시 동구 덕현2동(덕현동)","-30049","22303"
"청엽역","지하철역","덕청대로","13","효빈광역시 청엽구 청엽5동(청엽동)","-30690","22309"
"쌍엽 센트럴 시티 아파트","일반건물","구락로","94","효빈광역시 창전구 쌍엽2동(쌍엽동)","-34151","22310"
"쌍엽 세라스 아파트","일반건물","창전로","111","효빈광역시 창전구 쌍엽1동(쌍엽동)","-34340","22320"
"오아중","일반건물","동곡로","162","효빈광역시 창전구 팔조동","-34966","22339"
"진희공원","일반건물","청고로","27","효빈광역시 북구 진희동","-24292","22344"
"효빈남부교육지원청","일반건물","덕청대로","47","효빈광역시 청엽구 청엽6동(청엽동)","-31315","22344"
"쌍엽 푸르지오 1단지","일반건물","구락로","118","효빈광역시 창전구 쌍엽2동(쌍엽동)","-33938","22348"
"쌍엽푸르지오 1단지","일반건물","구락로","118","효빈광역시 창전구 쌍엽2동(쌍엽동)","-33938","22348"
"진희초중학교","일반건물","케손로","61","효빈광역시 북구 진희동","-24495","22350"
"맥도날드 청엽DT","일반건물","덕청대로","63","효빈광역시 청엽구 청엽5동(청엽동)","-30928","22359"
"팔조중","일반건물","구한로","95","효빈광역시 창전구 팔조동","-35644","22369"
"버거킹 남부터미널점","일반건물","덕청대로","96","효빈광역시 청엽구 우전1동(우전동)","-32692","22372"
"남부시외버스터미널","일반건물","덕청대로","98","효빈광역시 청엽구 우전1동(우전동)","-32673","22374"
"전천초","일반건물","뿌리빛로","95","효빈광역시 동구 전천동","-28606","22389"
"KFC 우전점","일반건물","덕청대로","119","효빈광역시 청엽구 우전1동(우전동)","-32802","22391"
"애천초","일반건물","덕청대로","102","효빈광역시 청엽구 청엽1동(청엽동)","-32306","22393"
"입희초","일반건물","고송동서로","66","효빈광역시 북구 진희동(입희동)","-25048","22395"
"왕교초","일반건물","덕청대로","101","효빈광역시 청엽구 청엽1동(청엽동)","-32164","22397"
"오내 장미아파트","일반건물","당선로","79","효빈광역시 북구 오내2동(오내동)","-28104","22399"
"KFC  청엽점","일반건물","청엽로","9","효빈광역시 청엽구 청엽6동(청엽동)","-31552","22399"
"우전1동행정복지센터","일반건물","당찬로","41","효빈광역시 청엽구 우전1동(우전동)","-32965","22400"
"청엽 해링턴 플레이스 아파트","일반건물","덕청대로","105","효빈광역시 청엽구 청엽6동(청엽동)","-31722","22402"
"청엽헤링턴플레이스","일반건물","덕청대로","105","효빈광역시 청엽구 청엽6동(청엽동)","-31722","22402"
"진현초","일반건물","고송동서로","281","효빈광역시 북구 진희동(입희동)","-25395","22415"
"팔조더샵","일반건물","팔삼로","116","효빈광역시 창전구 팔조동","-35336","22430"
"팔조주공","일반건물","대도로","135","효빈광역시 창전구 팔조동","-35744","22444"
"CGV 덕현","일반건물","오내로","118","효빈광역시 동구 덕현3동(덕현동)","-29211","22446"
"쌍엽 호반 베르디움 아파트","일반건물","창전로","106","효빈광역시 창전구 쌍엽1동(쌍엽동)","-34557","22455"
"청엽구청","일반건물","청엽로","176","효빈광역시 청엽구 청엽6동(청엽동)","-31387","22485"
"덕현역아파트2단지","일반건물","효빈역전로","237","효빈광역시 동구 덕현3동(덕현동)","-29620","22488"
"청엽아파트","일반건물","악내로","74","효빈광역시 청엽구 청엽5동(청엽동)","-30864","22495"
"팔조초","일반건물","쌍엽로","105","효빈광역시 창전구 팔조동","-34935","22509"
"청엽 필하우스 아파트","일반건물","덕청대로","229","효빈광역시 청엽구 청엽1동(청엽동)","-32020","22527"
"청엽구보건소","일반건물","청엽로","52","효빈광역시 청엽구 청엽6동(청엽동)","-31561","22580"
"진희더샵 비발디 아파트","일반건물","소진로","85","효빈광역시 북구 진희동","-24396","22600"
"오내1동행정복지센터","일반건물","세하로","224","효빈광역시 북구 오내1동(오내동)","-27365","22606"
"전덕역","지하철역","오내로","56","효빈광역시 동구 덕현5동(덕현동)","-29304","22616"
"사가당4동행정복지센터","일반건물","우택로","188","효빈광역시 동구 사가당4동(사가당동)","-30530","22632"
"쌍엽역","지하철역","우전석로","23","효빈광역시 창전구 쌍엽2동(쌍엽동)","-33600","22648"
"우전아파트","일반건물","당찬로","150","효빈광역시 청엽구 우전1동(우전동)","-33053","22655"
"팔조동행정복지센터","일반건물","쌍엽로","46","효빈광역시 창전구 팔조동","-35427","22657"
"오내주공2단지","일반건물","당선로","152","효빈광역시 북구 오내2동(오내동)","-27890","22661"
"청엽사랑으로 부영 아파트","일반건물","외초로","126","효빈광역시 청엽구 청엽5동(청엽동)","-31134","22668"
"덕현병원","일반건물","뿌리빛로","83","효빈광역시 동구 전천동","-28773","22680"
"덕현 주공 2단지","일반건물","앵소로","186","효빈광역시 동구 덕현2동(덕현동)","-30133","22700"
"메가박스 청엽","일반건물","청엽로","47","효빈광역시 청엽구 청엽6동(청엽동)","-31619","22707"
"쌍엽중고등학교","일반건물","창전로","112","효빈광역시 창전구 쌍엽1동(쌍엽동)","-34562","22729"
"쌍엽고","일반건물","창전로","112","효빈광역시 창전구 쌍엽1동(쌍엽동)","-34562","22729"
"덕현 주공 3단지","일반건물","우택로","80","효빈광역시 동구 사가당4동(사가당동)","-30285","22741"
"쌍엽2동행정복지센터","일반건물","칠심로","42","효빈광역시 창전구 쌍엽2동(쌍엽동)","-33458","22756"
"모리초등학교","일반건물","소진로","48","효빈광역시 북구 진희동","-23778","22764"
"원촌초중학교","일반건물","소진로","62","효빈광역시 북구 진희동","-23952","22777"
"모리초","일반건물","소진로","118","효빈광역시 북구 진희동","-24143","22778"
"청엽시영아파트","일반건물","악내로","74","효빈광역시 청엽구 청엽5동(청엽동)","-30844","22781"
"전천중앙역 스타리아 아파트","일반건물","전천로","198","효빈광역시 동구 전천동","-28328","22785"
"전덕역 아파트","일반건물","효빈역전로","158","효빈광역시 동구 덕현5동(덕현동)","-29507","22786"
"전채공원","일반건물","악내로","162","효빈광역시 동구 사가당4동(사가당동)","-30607","22792"
"버거킹 쌍엽DT점","일반건물","우전석로","28","효빈광역시 창전구 쌍엽2동(쌍엽동)","-33578","22808"
"베라인아파트","일반건물","당찬로","127","효빈광역시 창전구 쌍엽1동(쌍엽동)","-34283","22858"
"청엽 한신더휴 아파트","일반건물","청엽로","261","효빈광역시 청엽구 청엽1동(청엽동)","-31997","22859"
"우전 아쿠아 아파트","일반건물","효빈공단로","133","효빈광역시 청엽구 우전2동(우전동)","-32590","22864"
"사인아파트","일반건물","당찬로","125","효빈광역시 창전구 쌍엽1동(쌍엽동)","-34605","22864"
"진희아파트","일반건물","청고로","84","효빈광역시 북구 진희동","-24347","22876"
"모산초","일반건물","우택로","111","효빈광역시 동구 사가당4동(사가당동)","-30308","22883"
"진희아이파크(2027년 예정)","일반건물","청고로","247","효빈광역시 북구 진희동","-24509","22896"
"장포역","지하철역","효빈로","17","효빈광역시 북구 진희동","-24835","22902"
"전천중앙역","지하철역","오내로","19","효빈광역시 동구 전천동","-28503","22912"
"효빈광역시 상수도사업본부","일반건물","오내로","119","효빈광역시 동구 전천동","-29113","22930"
"추산역","지하철역","중탄로","33","효빈광역시 북구 산고동(추산동)","-25723","22936"
"남중사거리","일반건물","평안명로","8","효빈광역시 북구 산고동(사연동)","-26691","22977"
"삼댁공원","일반건물","오내로","198","효빈광역시 동구 전천동","-28888","23038"
"덕현고","일반건물","앵소로","46","효빈광역시 동구 덕현5동(덕현동)","-29930","23038"
"우전중고등학교","일반건물","효빈공단로","159","효빈광역시 청엽구 우전2동(우전동)","-32305","23042"
"우전고등학교","일반건물","효빈공단로","159","효빈광역시 청엽구 우전2동(우전동)","-32305","23042"
"우전주공3단지","일반건물","청엽중앙로","269","효빈광역시 청엽구 우전2동(우전동)","-32775","23056"
"신간초","일반건물","우택로","102","효빈광역시 동구 덕현4동(덕현동)","-30550","23063"
"애포초","일반건물","청엽로","134","효빈광역시 청엽구 청엽2동(청엽동)","-31608","23077"
"청엽에이라이아파트","일반건물","청엽로","66","효빈광역시 청엽구 청엽1동(청엽동)","-31808","23078"
"우전주공1단지","일반건물","효빈공단로","169","효빈광역시 청엽구 우전2동(우전동)","-32637","23081"
"사연초","일반건물","고송대로","64","효빈광역시 북구 산고동(사연동)","-26102","23086"
"덕현 시영2단지","일반건물","우개로","163","효빈광역시 동구 덕현4동(덕현동)","-30197","23091"
"타워팰리스 아파트","일반건물","청엽중앙로","236","효빈광역시 청엽구 청엽2동(청엽동)","-31361","23093"
"쌍엽래미안 2단지","일반건물","당찬로","109","효빈광역시 창전구 쌍엽1동(쌍엽동)","-34188","23093"
"청빈중고등학교","일반건물","외초로","176","효빈광역시 청엽구 청엽2동(청엽동)","-31165","23096"
"아논아파트","일반건물","청엽중앙로","223","효빈광역시 청엽구 청엽1동(청엽동)","-32002","23105"
"힐스테이트 쌍엽아파트","일반건물","당찬로","135","효빈광역시 창전구 쌍엽2동(쌍엽동)","-33822","23114"
"덕현주공8단지","일반건물","앵소로","201","효빈광역시 동구 덕현5동(덕현동)","-29529","23121"
"사연역","지하철역","고송대로","2","효빈광역시 북구 산고동(사연동)","-26168","23132"
"맥도날드 쌍엽DT","일반건물","우전석로","36","효빈광역시 창전구 쌍엽2동(쌍엽동)","-33288","23143"
"우전2동행정복지센터","일반건물","효빈공단로","144","효빈광역시 청엽구 우전2동(우전동)","-32330","23159"
"6호선 추산차량기지","일반건물","고송동서로","60","효빈광역시 북구 산고동(추산동)","-25169","23165"
"팔조공단","일반건물","구한로","154","효빈광역시 창전구 팔조동","-35656","23170"
"쌍엽래미안1단지","일반건물","창전로","137","효빈광역시 창전구 쌍엽1동(쌍엽동)","-34505","23172"
"쌍엽래미안아파트","일반건물","창전로","137","효빈광역시 창전구 쌍엽1동(쌍엽동)","-34505","23172"
"추산 주공","일반건물","고송동서로","115","효빈광역시 북구 산고동(추산동)","-24994","23176"
"덕현초","일반건물","우개로","59","효빈광역시 동구 덕현5동(덕현동)","-29992","23181"
"월음공원","일반건물","청고로","248","효빈광역시 북구 진희동","-24508","23195"
"평안명대학교","일반건물","고송대로","158","효빈광역시 북구 산고동(사연동)","-26324","23196"
"월삼초","일반건물","구락로","36","효빈광역시 창전구 쌍엽2동(쌍엽동)","-34018","23198"
"엽천역","지하철역","우전석로","17","효빈광역시 창전구 쌍엽2동(쌍엽동)","-33165","23200"
"사곡초","일반건물","칠심로","79","효빈광역시 창전구 쌍엽2동(쌍엽동)","-33444","23205"
"평안명대학교","일반건물","고송대로","160","효빈광역시 북구 산고동(사연동)","-26326","23208"
"오내사거리역","지하철역","당선로","12","효빈광역시 북구 오내2동(오내동)","-28010","23220"
"우전주공2단지","일반건물","청엽중앙로","97","효빈광역시 청엽구 우전2동(우전동)","-32615","23229"
"우전주공4단지","일반건물","청엽중앙로","89","효빈광역시 청엽구 우전2동(우전동)","-32805","23236"
"덕현5동행정복지센터","일반건물","앵소로","77","효빈광역시 동구 덕현5동(덕현동)","-29878","23245"
"오내2동행정복지센터","일반건물","당선로","99","효빈광역시 북구 오내2동(오내동)","-28119","23253"
"버거킹 우전점","일반건물","청엽중앙로","73","효빈광역시 청엽구 우전2동(우전동)","-32214","23254"
"평안명대 후문","일반건물","고송대로","19","효빈광역시 북구 산고동(사연동)","-26147","23267"
"맥도날드 오내DT","일반건물","오내로","28","효빈광역시 북구 오내2동(오내동)","-27796","23273"
"진산아파트","일반건물","청고로","57","효빈광역시 북구 진희동","-24317","23280"
"산고타운아파트","일반건물","중탄로","169","효빈광역시 북구 산고동(사연동)","-25916","23285"
"오내주공1단지","일반건물","천왕사로","198","효빈광역시 북구 오내1동(오내동)","-27154","23285"
"아논타워역","지하철역","청엽중앙로","3","효빈광역시 청엽구 청엽1동(청엽동)","-31881","23325"
"오내중","일반건물","당선로","95","효빈광역시 북구 오내2동(오내동)","-28112","23367"
"쌍엽1동행정복지센터","일반건물","청엽중앙로","59","효빈광역시 창전구 쌍엽1동(쌍엽동)","-34401","23380"
"유류아파트","일반건물","청엽중앙로","58","효빈광역시 창전구 유류동","-33374","23382"
"신분초","일반건물","전천로","49","효빈광역시 동구 전천동","-28798","23389"
"토포초","일반건물","청엽중앙로","74","효빈광역시 청엽구 우전2동(우전동)","-32392","23400"
"추산 주공 2단지","일반건물","효빈로","154","효빈광역시 북구 산고동(추산동)","-24659","23408"
"모산중","일반건물","우택로","71","효빈광역시 동구 덕현4동(덕현동)","-30342","23412"
"산군초","일반건물","청엽중앙로","81","효빈광역시 동구 덕현4동(덕현동)","-30235","23414"
"아논타워","일반건물","청엽로","42","효빈광역시 청엽구 청엽1동(청엽동)","-31810","23428"
"청엽 본아르떼아파트","일반건물","청엽중앙로","117","효빈광역시 청엽구 청엽4동(청엽동)","-30847","23448"
"덕진청엽의봄 아파트","일반건물","청엽중앙로","125","효빈광역시 청엽구 청엽2동(청엽동)","-31221","23455"
"버거킹 청엽점","일반건물","청엽로","70","효빈광역시 청엽구 청엽1동(청엽동)","-31798","23456"
"서희 스타힐스 덕현 아파트","일반건물","우택로","84","효빈광역시 동구 덕현4동(덕현동)","-30492","23468"
"효빈정보고","일반건물","뿌리빛로","59","효빈광역시 동구 전천동","-28725","23492"
"덕현주공7단지","일반건물","앵소로","171","효빈광역시 동구 덕현5동(덕현동)","-29563","23492"
"우전 대단지","일반건물","효빈공단로","154","효빈광역시 청엽구 우전2동(우전동)","-32657","23504"
"덕현여고","일반건물","우택로","116","효빈광역시 동구 덕현4동(덕현동)","-30285","23529"
"청엽1동행정복지센터","일반건물","청엽로","51","효빈광역시 청엽구 청엽1동(청엽동)","-31837","23532"
"오내상아파트","일반건물","당선로","122","효빈광역시 북구 오내2동(오내동)","-27897","23573"
"서승초중학교","일반건물","청엽로","42","효빈광역시 청엽구 청엽1동(청엽동)","-31930","23588"
"서승중학교","일반건물","청엽로","42","효빈광역시 청엽구 청엽1동(청엽동)","-31930","23588"
"동덕현역 아이보시티 아파트 1단지","일반건물","우개로","190","효빈광역시 동구 덕현5동(덕현동)","-29978","23596"
"오내센트럴시티아파트1단지","일반건물","포산로","148","효빈광역시 북구 오내1동(오내동)","-27213","23600"
"맥도날드 우전DT","일반건물","우전석로","52","효빈광역시 청엽구 우전3동(우전동)","-32416","23603"
"청엽 배루가 아파트","일반건물","청엽북로","249","효빈광역시 청엽구 청엽1동(청엽동)","-31583","23615"
"유류초","일반건물","칠심로","99","효빈광역시 창전구 유류동","-33430","23627"
"대금초","일반건물","포산로","122","효빈광역시 북구 산고동(서도동)","-25607","23656"
"오내사랑으로 부영 아파트 1단지","일반건물","세하로","98","효빈광역시 북구 오내1동(오내동)","-27676","23657"
"승령중고등학교","일반건물","우전석로","175","효빈광역시 청엽구 우전3동(우전동)","-32294","23658"
"사덕초","일반건물","우택로","51","효빈광역시 동구 덕현6동(덕현동)","-30337","23665"
"산고동행정복지센터","일반건물","포산로","90","효빈광역시 북구 산고동(서도동)","-25851","23683"
"안곡초","일반건물","도변대로","47","효빈광역시 청엽구 청엽4동(청엽동)","-31020","23698"
"유류동행정복지센터","일반건물","칠심로","21","효빈광역시 창전구 유류동","-33551","23720"
"맥도날드 포산DT","일반건물","효빈로","35","효빈광역시 북구 포산동","-24788","23753"
"롯데시네마 우전","일반건물","효빈공단로","99","효빈광역시 청엽구 우전3동(우전동)","-32548","23757"
"우전역","지하철역","효빈공단로","23","효빈광역시 청엽구 우전3동(우전동)","-32677","23776"
"한국농수산식품유통공사","일반건물","포산로","22","효빈광역시 북구 산고동(서도동)","-26322","23787"
"토모아파트","일반건물","청엽로","249","효빈광역시 청엽구 우전3동(우전동)","-32139","23802"
"포산 주공","일반건물","청고로","188","효빈광역시 북구 포산동","-24443","23809"
"오내주공3단지","일반건물","당선로","126","효빈광역시 북구 오내2동(오내동)","-28148","23827"
"동덕현역","지하철역","도변이자로","2","효빈광역시 동구 덕현6동(덕현동)","-29780","23838"
"오내사거리 중앙하이츠 아파트","일반건물","당선로","132","효빈광역시 북구 오내2동(오내동)","-27890","23844"
"신천초","일반건물","포산로","83","효빈광역시 북구 산고동(서도동)","-25819","23857"
"한국농수산 식품유통공사","일반건물","포산로","94","효빈광역시 북구 산고동(서도동)","-26367","23858"
"오내센트럴시티2단지","일반건물","천왕사로","106","효빈광역시 북구 오내1동(오내동)","-27060","23861"
"포산역","지하철역","효빈로","16","효빈광역시 북구 포산동","-24861","23862"
"우미린 창전아파트","일반건물","창전로","108","효빈광역시 창전구 창전1동(창전동)","-34418","23869"
"부선초","일반건물","앵소로","160","효빈광역시 동구 덕현9동(덕현동)","-29428","23880"
"서도역","지하철역","중탄로","11","효빈광역시 북구 산고동(서도동)","-25720","23882"
"청엽동국애버리지 아파트","일반건물","청엽로","77","효빈광역시 청엽구 청엽3동(청엽동)","-31967","23894"
"매남초","일반건물","도변이자로","92","효빈광역시 동구 덕현6동(덕현동)","-30151","23914"
"창전대우아파트","일반건물","구락로","59","효빈광역시 창전구 유류동","-34002","23933"
"포레나 창전아파트","일반건물","구락로","113","효빈광역시 창전구 창전1동(창전동)","-34174","23936"
"오내사랑으로 부영 아파트 2단지","일반건물","세하로","83","효빈광역시 북구 오내1동(오내동)","-27658","23938"
"포산중","일반건물","포산로","166","효빈광역시 북구 포산동","-25148","23952"
"우전대명아파트","일반건물","칠심중앙로","252","효빈광역시 청엽구 우전3동(우전동)","-32425","23955"
"소창고","일반건물","오내로","138","효빈광역시 북구 오내1동(오내동)","-27406","23961"
"덕현6동행정복지센터","일반건물","우개로","60","효빈광역시 동구 덕현6동(덕현동)","-30229","23986"
"창전1동행정복지센터","일반건물","창전해안로","101","효빈광역시 창전구 창전1동(창전동)","-34520","23999"
"청엽2동행정복지센터","일반건물","도변대로","116","효빈광역시 청엽구 청엽2동(청엽동)","-31184","24008"
"새올초","일반건물","오내로","86","효빈광역시 북구 오내1동(오내동)","-27082","24017"
"포산초","일반건물","포산로","57","효빈광역시 북구 포산동","-24601","24019"
"오내역","지하철역","오내로","12","효빈광역시 북구 오내1동(오내동)","-27154","24044"
"동덕현역 아이보시티 아파트 2단지","일반건물","도변이자로","119","효빈광역시 동구 덕현6동(덕현동)","-29978","24066"
"오내역푸르지오","일반건물","효빈로","119","효빈광역시 북구 오내1동(오내동)","-27329","24070"
"우전3동행정복지센터","일반건물","칠심중앙로","56","효빈광역시 청엽구 우전3동(우전동)","-32725","24076"
"천년가 청엽아파트","일반건물","도변대로","244","효빈광역시 청엽구 청엽2동(청엽동)","-31312","24081"
"청엽 EG the 1아파트","일반건물","청엽로","191","효빈광역시 청엽구 청엽3동(청엽동)","-31701","24083"
"효빈북부경찰서","일반건물","평안명로","168","효빈광역시 북구 산고동(서도동)","-26412","24086"
"북구초","일반건물","효빈로","103","효빈광역시 북구 오내2동(오내동)","-27922","24092"
"오내주공4단지","일반건물","효빈로","107","효빈광역시 북구 오내2동(오내동)","-28257","24093"
"아이아파트","일반건물","도변이자로","70","효빈광역시 동구 덕현6동(덕현동)","-30502","24103"
"포산 스리아아파트","일반건물","청고로","22","효빈광역시 북구 포산동","-24275","24112"
"소선초","일반건물","창전로","27","효빈광역시 창전구 창전1동(창전동)","-34339","24125"
"포산 에리아파트","일반건물","효빈로","230","효빈광역시 북구 포산동","-25132","24136"
"효빈시설관리공단","일반건물","효빈로","64","효빈광역시 동구 전천동","-28599","24141"
"청엽주공1단지","일반건물","청엽로","102","효빈광역시 청엽구 청엽3동(청엽동)","-31994","24149"
"청엽4동행정복지센터","일반건물","청엽북로","137","효빈광역시 청엽구 청엽4동(청엽동)","-30905","24205"
"포산 우미린아파트","일반건물","효빈로","113","효빈광역시 북구 포산동","-24799","24218"
"HJ몰 서문","일반건물","고송대로","152","효빈광역시 북구 중수4동(중수동)","-26317","24230"
"포산동행정복지센터","일반건물","포산로","133","효빈광역시 북구 포산동","-24632","24232"
"효빈창전우체국","일반건물","효빈공단로","115","효빈광역시 창전구 창전1동(창전동)","-33654","24256"
"서릉초","일반건물","도변대로","191","효빈광역시 청엽구 청엽4동(청엽동)","-31259","24283"
"창전역","지하철역","칠심로","10","효빈광역시 창전구(창전동)","-33528","24283"
"처곡초","일반건물","효빈로","105","효빈광역시 동구 덕현7동(덕현동)","-28588","24310"
"한국교육안전공제회 효빈덕북지부","일반건물","효빈공단로","72","효빈광역시 창전구 유류동","-33436","24316"
"덕현9동행정복지센터","일반건물","뇌전로","186","효빈광역시 동구 덕현9동(덕현동)","-29595","24321"
"봉천아파트","일반건물","칠심중앙로","151","효빈광역시 청엽구 우전3동(우전동)","-32538","24334"
"HJ몰 중수점","일반건물","평안명로","99","효빈광역시 북구 중수4동(중수동)","-26413","24343"
"메가박스 HJ중수","일반건물","평안명로","139","효빈광역시 북구 중수4동(중수동)","-26371","24344"
"HJ몰 중수점","일반건물","평안명로","89","효빈광역시 북구 중수4동(중수동)","-26422","24348"
"사녹중","일반건물","당선로","98","효빈광역시 북구 오내2동(오내동)","-28123","24349"
"서신고","일반건물","효빈로","148","효빈광역시 북구 오내2동(오내동)","-28312","24349"
"청엽국제학교역","지하철역","도변이자로","11","효빈광역시 청엽구 청엽4동(청엽동)","-30757","24357"
"창전주공2단지","일반건물","창전로","114","효빈광역시 창전구 창전1동(창전동)","-34427","24359"
"포산 루이스빌","일반건물","중수로","199","효빈광역시 북구 포산동","-25171","24370"
"청엽글로벌아파트","일반건물","도변이자로","141","효빈광역시 청엽구 청엽4동(청엽동)","-30913","24373"
"청엽아데나아파트","일반건물","중수로","217","효빈광역시 청엽구 청엽3동(청엽동)","-31558","24386"
"창전주공1단지","일반건물","구락로","107","효빈광역시 창전구 창전1동(창전동)","-34172","24386"
"창전아파트","일반건물","구락로","132","효빈광역시 창전구 창전1동(창전동)","-33933","24399"
"중수 애버그린 아파트","일반건물","효빈로","166","효빈광역시 북구 중수4동(중수동)","-26817","24403"
"효빈유람선 중수포산 선착장","일반건물","중수로","34","효빈광역시 북구 포산동","-24368","24415"
"창전아쿠아아파트1단지","일반건물","창전해안로","89","효빈광역시 창전구 창전2동(창전동)","-34732","24417"
"청엽주공2단지","일반건물","중수로","152","효빈광역시 청엽구 우전3동(우전동)","-32218","24447"
"청엽 성원상떼빌 아파트","일반건물","도변대로","129","효빈광역시 청엽구 우택동","-31197","24455"
"산인초","일반건물","앵소로","88","효빈광역시 동구 덕현9동(덕현동)","-29372","24463"
"전천고","일반건물","뿌리빛로","95","효빈광역시 동구 덕현7동(덕현동)","-28605","24467"
"덕현11동행정복지센터","일반건물","중수로","112","효빈광역시 동구 덕현11동(덕현동)","-29908","24479"
"만화애니메이션의전당","일반건물","중수로","87","효빈광역시 북구 중수1동(중수동)","-25530","24482"
"청엽3동행정복지센터","일반건물","중수로","116","효빈광역시 청엽구 청엽3동(청엽동)","-32013","24484"
"나공중","일반건물","중수로","99","효빈광역시 동구 덕현11동(덕현동)","-30082","24495"
"롯데시네마 창전","일반건물","칠심로","34","효빈광역시 창전구 창전1동(창전동)","-33575","24496"
"내산중","일반건물","창전로","26","효빈광역시 창전구 창전2동(창전동)","-34340","24498"
"중수역정류장","일반건물","중수로","66","효빈광역시 북구 중수4동(중수동)","-26353","24503"
"소역초","일반건물","중수로","92","효빈광역시 창전구 유류동","-33328","24503"
"신악초","일반건물","청엽로","61","효빈광역시 청엽구 청엽3동(청엽동)","-31833","24504"
"마시초","일반건물","중수로","79","효빈광역시 창전구 창전2동(창전동)","-34509","24516"
"효빈북부정류장 입구","일반건물","고송대로","5","효빈광역시 북구 중수4동(중수동)","-26157","24540"
"버거킹 중수점","일반건물","중수로","34","효빈광역시 북구 중수4동(중수동)","-26098","24603"
"중수앵판","일반건물","중수로","62","효빈광역시 북구 중수4동(중수동)","-26914","24631"
"중수앵판아파트","일반건물","중수로","62","효빈광역시 북구 중수4동(중수동)","-26914","24631"
"청엽삼각공원","일반건물","중수로","35","효빈광역시 청엽구 우택동","-31006","24642"
"신언초","일반건물","중수로","51","효빈광역시 청엽구 우택동","-31163","24657"
"중수이편한세상","일반건물","중수로","114","효빈광역시 북구 중수1동(중수동)","-24816","24677"
"신곡초","일반건물","뿌리빛로","56","효빈광역시 동구 덕현7동(덕현동)","-28764","24684"
"창전중","일반건물","구락로","52","효빈광역시 창전구 창전2동(창전동)","-34015","24686"
"이마트 중수점","일반건물","중수로","118","효빈광역시 북구 중수1동(중수동)","-25467","24687"
"KFC 중수점","일반건물","중수로","118","효빈광역시 북구 중수4동(중수동)","-26601","24687"
"창전고","일반건물","중수로","112","효빈광역시 창전구 창전2동(창전동)","-34185","24707"
"빌리브 중수아파트","일반건물","효빈로","126","효빈광역시 북구 중수1동(중수동)","-25203","24719"
"덕현남부아파트","일반건물","중수로","130","효빈광역시 동구 덕현11동(덕현동)","-30007","24723"
"우스라아파트","일반건물","중수로","126","효빈광역시 청엽구 우택동","-31706","24728"
"우택주공2단지","일반건물","중수로","128","효빈광역시 청엽구 우택동","-31352","24733"
"창전 두산아파트","일반건물","중수로","143","효빈광역시 창전구 창전2동(창전동)","-34543","24738"
"덕현7동행정복지센터","일반건물","당가로","25","효빈광역시 동구 덕현7동(덕현동)","-28921","24745"
"칠심주공1단지","일반건물","중수로","165","효빈광역시 창전구 칠심2동(칠심동)","-32531","24762"
"중수역","지하철역","법원로","28","효빈광역시 북구 중수4동(중수동)","-26305","24771"
"효빈고등법원","일반건물","효빈로","94","효빈광역시 북구 중수4동(중수동)","-26453","24774"
"덕현주공4단지","일반건물","중수로","190","효빈광역시 동구 덕현11동(덕현동)","-29485","24774"
"혜성초","일반건물","칠심중앙로","81","효빈광역시 창전구 칠심2동(칠심동)","-32929","24784"
"중수주공1단지","일반건물","오내로","167","효빈광역시 북구 중수4동(중수동)","-26774","24787"
"중수4동행정복지센터","일반건물","고송대로","49","효빈광역시 북구 중수4동(중수동)","-26209","24788"
"칠심아파트","일반건물","칠심로","130","효빈광역시 창전구 칠심1동(칠심동)","-33676","24788"
"창전제일아파트","일반건물","창전해안로","107","효빈광역시 창전구 창전2동(창전동)","-34720","24788"
"칠심주공2단지","일반건물","중수로","190","효빈광역시 창전구 칠심3동(칠심동)","-32216","24789"
"남전호","일반건물","당선로","189","효빈광역시 북구 채산동","-27834","24804"
"청엽국제학교","일반건물","청엽북로","105","효빈광역시 청엽구 우택동","-30802","24810"
"유류역","지하철역","우난로","15","효빈광역시 창전구 유류동","-32780","24816"
"남전리브사이드 아파트","일반건물","오내로","71","효빈광역시 북구 남전동","-27077","24817"
"칠심초","일반건물","효빈공단로","115","효빈광역시 창전구 칠심1동(칠심동)","-33810","24818"
"창전초","일반건물","효빈공단로","57","효빈광역시 창전구 창전2동(창전동)","-34000","24828"
"중수 네리안 아파트","일반건물","중탄로","149","효빈광역시 북구 중수4동(중수동)","-25864","24832"
"시건초","일반건물","뇌전로","90","효빈광역시 동구 덕현11동(덕현동)","-29868","24845"
"칠심중고","일반건물","칠심로","95","효빈광역시 창전구 칠심1동(칠심동)","-33451","24846"
"칠심 펠리시아 아파트","일반건물","중수로","252","효빈광역시 창전구 칠심2동(칠심동)","-33220","24847"
"중수파밀리에","일반건물","카스미로","65","효빈광역시 북구 중수1동(중수동)","-24855","24853"
"북구보건소","일반건물","효빈로","110","효빈광역시 북구 중수1동(중수동)","-25588","24901"
"효빈고등검찰청(중수청,공소청으로 변경예정)","일반건물","법원로","82","효빈광역시 북구 중수4동(중수동)","-26445","24920"
"맥도날드 창전DT","일반건물","효빈공단로","43","효빈광역시 창전구 창전2동(창전동)","-34025","24923"
"버거킹 칠심점","일반건물","칠심로","13","효빈광역시 창전구 칠심1동(칠심동)","-33561","24935"
"칠심벨리온아파트","일반건물","칠심중앙로","97","효빈광역시 창전구 칠심2동(칠심동)","-32999","24945"
"창전2동행정복지센터","일반건물","창전로","64","효빈광역시 창전구 창전2동(창전동)","-34253","24972"
"모유빌딩","일반건물","구락로","74","효빈광역시 창전구 창전2동(창전동)","-34144","24985"
"중수 세영리첼 1단지","일반건물","카스미로","82","효빈광역시 북구 중수1동(중수동)","-25018","25000"
"중수카스미 아파트","일반건물","오내로","88","효빈광역시 북구 중수4동(중수동)","-26681","25001"
"창전 아이파크 아파트","일반건물","창전로","142","효빈광역시 창전구 창전2동(창전동)","-34459","25002"
"더리브 창전아파트","일반건물","창전구청로","180","효빈광역시 창전구 창전4동(창전동)","-34765","25007"
"창전아쿠아아파트2단지","일반건물","창전해안로","65","효빈광역시 창전구 창전4동(창전동)","-35119","25008"
"중수역 센트럴 푸르지오 아파트","일반건물","고송대로","106","효빈광역시 북구 중수4동(중수동)","-26265","25011"
"중수초","일반건물","효빈로","98","효빈광역시 북구 중수1동(중수동)","-25249","25023"
"남전중","일반건물","법원로","131","효빈광역시 북구 중수4동(중수동)","-26556","25026"
"맥도날드 우택DT","일반건물","도변이자로","48","효빈광역시 청엽구 우택동","-31157","25027"
"중수 세영리첼 2단지","일반건물","카스미로","114","효빈광역시 북구 중수1동(중수동)","-24750","25032"
"중수중","일반건물","효빈로","88","효빈광역시 북구 중수1동(중수동)","-25350","25040"
"남전더샵 1단지","일반건물","오내로","257","효빈광역시 북구 남전동","-27116","25043"
"세니아아파트","일반건물","중수해안로","90","효빈광역시 북구 중수1동(중수동)","-24541","25050"
"유류중","일반건물","우난로","57","효빈광역시 창전구 칠심2동(칠심동)","-32701","25053"
"언산초","일반건물","청엽로","93","효빈광역시 청엽구 우택동","-31989","25065"
"우택덕현아파트","일반건물","우택로","217","효빈광역시 청엽구 우택동","-30015","25077"
"버거킹 창전점","일반건물","구락로","57","효빈광역시 창전구 창전2동(창전동)","-34128","25078"
"하성천역","지하철역","앵소로","40","효빈광역시 동구 덕현7동(덕현동)","-29259","25080"
"우택고","일반건물","청엽로","144","효빈광역시 청엽구 우택동","-31752","25082"
"북구청역","지하철역","중탄로","1","효빈광역시 북구 중수1동(중수동)","-25717","25088"
"남전초","일반건물","오내로","45","효빈광역시 북구 남전동","-26777","25094"
"사온초","일반건물","도변대로","82","효빈광역시 청엽구 우택동","-30988","25108"
"동곡여자중고","일반건물","칠심중앙로","89","효빈광역시 창전구 칠심2동(칠심동)","-32859","25117"
"동곡여고","일반건물","칠심중앙로","89","효빈광역시 창전구 칠심2동(칠심동)","-32859","25117"
"칠심1동행정복지센터","일반건물","효빈공단로","152","효빈광역시 창전구 칠심1동(칠심동)","-33897","25120"
"코스트코 효빈점","일반건물","청엽북로","46","효빈광역시 청엽구 우택동","-30728","25125"
"중수1동행정복지센터","일반건물","효빈로","182","효빈광역시 북구 중수1동(중수동)","-25429","25160"
"오아초","일반건물","구락로","65","효빈광역시 창전구 칠심1동(칠심동)","-34007","25164"
"중수고","일반건물","고송대로","55","효빈광역시 북구 중수4동(중수동)","-26213","25173"
"북구청","일반건물","중탄로","137","효빈광역시 북구 중수1동(중수동)","-25580","25179"
"창전4동행정복지센터","일반건물","창전해안로","100","효빈광역시 창전구 창전4동(창전동)","-35049","25184"
"중수 포레나 아파트","일반건물","효빈로","92","효빈광역시 북구 중수4동(중수동)","-25977","25186"
"NEUM 창전아파트","일반건물","창전구청로","92","효빈광역시 창전구 창전4동(창전동)","-34742","25191"
"신개초","일반건물","창전구청로","218","효빈광역시 창전구 창전3동(창전동)","-34585","25195"
"헤리엇 창전 아파트","일반건물","창전로","91","효빈광역시 창전구 창전3동(창전동)","-34410","25199"
"북구의회","일반건물","중수중앙로","69","효빈광역시 북구 중수1동(중수동)","-25787","25213"
"칠심대단지","일반건물","칠심로","138","효빈광역시 창전구 칠심1동(칠심동)","-33688","25226"
"칠심대단지아파트","일반건물","칠심로","138","효빈광역시 창전구 칠심1동(칠심동)","-33688","25226"
"칠심 이안아파트","일반건물","칠심중앙로","57","효빈광역시 창전구 칠심2동(칠심동)","-33053","25238"
"중수1단지","일반건물","중수해안로","284","효빈광역시 북구 중수1동(중수동)","-24777","25242"
"배로초","일반건물","우난로","60","효빈광역시 창전구 칠심2동(칠심동)","-32812","25252"
"창전구청역","지하철역","효빈공단로","5","효빈광역시 창전구 창전3동(창전동)","-34113","25253"
"칠심대명루첸아파트","일반건물","칠심로","248","효빈광역시 창전구 칠심2동(칠심동)","-33302","25255"
"창전구청","일반건물","창전로","85","효빈광역시 창전구 창전3동(창전동)","-34234","25279"
"맥도날드 중수DT","일반건물","중탄로","66","효빈광역시 북구 중수1동(중수동)","-25651","25300"
"남전고","일반건물","오내로","98","효빈광역시 북구 남전동","-26670","25308"
"하나린아파트","일반건물","오내로","138","효빈광역시 북구 중수4동(중수동)","-26395","25314"
"남우택역","지하철역","도변이자로","7","효빈광역시 청엽구 우택동","-31263","25318"
"개성하이뷰 창전아파트","일반건물","창전구청로","110","효빈광역시 창전구 창전4동(창전동)","-34895","25324"
"덕현주공6단지","일반건물","당가로","109","효빈광역시 동구 덕현7동(덕현동)","-29057","25329"
"중수2단지","일반건물","중수중앙로","133","효빈광역시 북구 중수4동(중수동)","-25989","25331"
"우택현대아파트","일반건물","청엽로","111","효빈광역시 청엽구 우택동","-31785","25341"
"생선초","일반건물","고송대로","139","효빈광역시 북구 중수4동(중수동)","-26297","25355"
"남전도매시장","일반건물","모포로","273","효빈광역시 북구 남전동","-26902","25361"
"감사원 효빈사무소","일반건물","중탄로","65","효빈광역시 북구 중수1동(중수동)","-25783","25363"
"대원칸타빌 칠심아파트","일반건물","우난로","134","효빈광역시 창전구 칠심2동(칠심동)","-32883","25371"
"우택월드스타 아파트","일반건물","뇌전로","192","효빈광역시 청엽구 우택동","-29968","25375"
"창전아쿠아아파트3단지","일반건물","창전해안로","103","효빈광역시 창전구 창전4동(창전동)","-35456","25395"
"남전동행정복지센터","일반건물","모포로","234","효빈광역시 북구 남전동","-27326","25398"
"KFC 칠심점","일반건물","우난로","2","효빈광역시 창전구 칠심2동(칠심동)","-32750","25400"
"원내초","일반건물","앵소로","96","효빈광역시 동구 덕현7동(덕현동)","-29403","25403"
"덕현에아파트","일반건물","모포로","131","효빈광역시 동구 덕현7동(덕현동)","-29594","25442"
"창전보건소","일반건물","구락로","43","효빈광역시 창전구 창전3동(창전동)","-34117","25458"
"우택초","일반건물","모포로","94","효빈광역시 청엽구 우택동","-30037","25477"
"오양초","일반건물","모포로","68","효빈광역시 창전구 칠심2동(칠심동)","-32852","25490"
"창전라포르테아파트","일반건물","모포로","50","효빈광역시 창전구 창전3동(창전동)","-34484","25499"
"우택동행정복지센터","일반건물","모포로","70","효빈광역시 청엽구 우택동","-30348","25500"
"칠심3동행정복지센터","일반건물","모포로","60","효빈광역시 창전구 칠심3동(칠심동)","-32632","25500"
"중수 SK뷰 아파트","일반건물","모포로","135","효빈광역시 북구 중수3동(중수동)","-26336","25501"
"중수강변공원","일반건물","중수중앙로","131","효빈광역시 북구 중수3동(중수동)","-25987","25505"
"남전휴먼시아2단지","일반건물","모포로","120","효빈광역시 북구 남전동","-27158","25513"
"남전역","지하철역","법원로","24","효빈광역시 북구 남전동","-26691","25535"
"우택역","지하철역","뇌전로","1","효빈광역시 청엽구 우택동","-29780","25539"
"칠심동","일반건물","모포로","12","효빈광역시 창전구 칠심2동(칠심동)","-33084","25545"
"남전역 행복주택","일반건물","모포로","82","효빈광역시 북구 남전동","-26580","25553"
"남전전자상가","일반건물","모포로","51","효빈광역시 북구 남전동","-26860","25583"
"월삼여자중고등학교","일반건물","모포로","37","효빈광역시 창전구 창전5동(창전동)","-34924","25584"
"월삼여고","일반건물","모포로","37","효빈광역시 창전구 창전5동(창전동)","-34924","25584"
"은내중","일반건물","모포로","43","효빈광역시 창전구 칠심1동(칠심동)","-33461","25598"
"국토안전관리원 효빈본부","일반건물","창전구청로","51","효빈광역시 창전구 창전5동(창전동)","-34620","25608"
"창전 주공아파트","일반건물","모포로","60","효빈광역시 창전구 창전3동(창전동)","-34426","25610"
"파밀리에 칠심아파트","일반건물","모포로","82","효빈광역시 창전구 칠심2동(칠심동)","-33159","25639"
"창전디아채","일반건물","모포로","91","효빈광역시 창전구 창전5동(창전동)","-34734","25639"
"버거킹 남전점","일반건물","모포로","29","효빈광역시 북구 남전동","-27081","25662"
"칠심주공4단지","일반건물","모포로","110","효빈광역시 창전구 칠심2동(칠심동)","-32932","25668"
"미소지움 창전","일반건물","모포로","123","효빈광역시 창전구 창전5동(창전동)","-35056","25669"
"동구대학교","일반건물","모포로","142","효빈광역시 청엽구 우택동","-31235","25708"
"북택 헬로해피아파트","일반건물","모포로","80","효빈광역시 안천구 북택동","-28508","25709"
"원산초","일반건물","고송대로","68","효빈광역시 북구 중수3동(중수동)","-26089","25711"
"월남초","일반건물","모포로","82","효빈광역시 북구 남전동","-26996","25715"
"토모초","일반건물","법원로","64","효빈광역시 북구 중수3동(중수동)","-26683","25719"
"창전구영아파트","일반건물","모포로","166","효빈광역시 창전구 칠심1동(칠심동)","-33725","25720"
"창전이지움 아파트","일반건물","모포로","178","효빈광역시 창전구 창전4동(창전동)","-35259","25723"
"금광베네스타 창전아파트","일반건물","구락로","150","효빈광역시 창전구 칠심1동(칠심동)","-33927","25730"
"북택하구타운아파트","일반건물","뿌리빛로","118","효빈광역시 안천구 북택동","-28816","25739"
"남전역 리젠시빌아파트","일반건물","모포로","123","효빈광역시 북구 남전동","-26892","25757"
"남양휴튼 창전아파트","일반건물","구락로","106","효빈광역시 창전구 창전3동(창전동)","-34183","25760"
"효빈일보","일반건물","중탄로","67","효빈광역시 북구 중수3동(중수동)","-25787","25773"
"중수 두산위브 아파트","일반건물","모포로","148","효빈광역시 북구 중수2동(중수동)","-24829","25788"
"창전3동행정복지센터","일반건물","창전로","26","효빈광역시 창전구 창전3동(창전동)","-34349","25788"
"창전대라수","일반건물","효빈공단로","141","효빈광역시 창전구 창전5동(창전동)","-34618","25794"
"코페아파트","일반건물","모포로","158","효빈광역시 북구 중수2동(중수동)","-25090","25798"
"알르밍아파트","일반건물","모포로","164","효빈광역시 북구 중수2동(중수동)","-25208","25803"
"맥도날드 칠심DT","일반건물","우난로","5","효빈광역시 창전구 칠심3동(칠심동)","-32731","25804"
"채산식품산단","일반건물","모포로","185","효빈광역시 북구 채산동","-27832","25816"
"칠심에리아파트","일반건물","칠심로","242","효빈광역시 창전구 칠심2동(칠심동)","-33302","25819"
"중수 래미안 1단지","일반건물","고송대로","127","효빈광역시 북구 중수3동(중수동)","-26284","25821"
"칠심W아파트","일반건물","칠심중앙로","103","효빈광역시 창전구 칠심2동(칠심동)","-33149","25821"
"중수 스위첸 아파트","일반건물","중수중앙로","143","효빈광역시 북구 중수3동(중수동)","-25999","25833"
"국제미소래 창전아파트","일반건물","효빈공단로","230","효빈광역시 창전구 창전5동(창전동)","-34805","25863"
"칠심역","지하철역","우난로","42","효빈광역시 창전구 칠심3동(칠심동)","-32776","25890"
"북효빈우체국","일반건물","법원로","230","효빈광역시 북구 남전동","-26996","25899"
"채산초","일반건물","당선로","174","효빈광역시 북구 채산동","-28193","25913"
"칠심주공5단지","일반건물","칠심중앙로","85","효빈광역시 창전구 칠심3동(칠심동)","-32959","25919"
"중수주공2단지","일반건물","중탄로","297","효빈광역시 북구 중수2동(중수동)","-25424","25948"
"중수3동행정복지센터","일반건물","중탄로","28","효빈광역시 북구 중수3동(중수동)","-25749","25952"
"보통역","지하철역","효빈공단로","9","효빈광역시 창전구 창전5동(창전동)","-34595","25962"
"신영중","일반건물","법원로","90","효빈광역시 북구 중수3동(중수동)","-26681","25963"
"칠심2동행정복지센터","일반건물","칠심중앙로","200","효빈광역시 창전구 칠심2동(칠심동)","-33244","25968"
"고려풀비체 창전","일반건물","문천로","166","효빈광역시 창전구 창전5동(창전동)","-35039","25981"
"휴티스 창전","일반건물","효빈공단로","217","효빈광역시 창전구 창전5동(창전동)","-34909","25994"
"남전아파트","일반건물","법원로","156","효빈광역시 북구 남전동","-26932","26011"
"칠심 금강펜테리움아파트","일반건물","구락로","194","효빈광역시 창전구 광정동(보통동)","-33885","26031"
"회계초","일반건물","칠심로","139","효빈광역시 창전구 광정동(보통동)","-33681","26040"
"메가박스 창전","일반건물","우난로","5","효빈광역시 창전구 칠심3동(칠심동)","-32724","26045"
"효빈창전교육지원청","일반건물","문천로","58","효빈광역시 창전구 광정동(생덕동)","-35287","26045"
"시송중","일반건물","효빈공단로","81","효빈광역시 창전구 창전5동(창전동)","-34556","26052"
"북택 스위트클래스 아파트","일반건물","뿌리빛로","193","효빈광역시 안천구 북택동","-28496","26054"
"해천대","일반건물","창전로","28","효빈광역시 창전구 창전5동(창전동)","-34352","26072"
"해천대학교","일반건물","창전로","28","효빈광역시 창전구 창전5동(창전동)","-34352","26072"
"중수여고","일반건물","중수해안로","201","효빈광역시 북구 중수2동(중수동)","-24914","26074"
"옥선대","일반건물","당선로","98","효빈광역시 북구 채산동","-28116","26083"
"칠심주공6단지","일반건물","우난로","131","효빈광역시 창전구 칠심3동(칠심동)","-32858","26114"
"칠심주공단지","일반건물","우난로","131","효빈광역시 창전구 칠심3동(칠심동)","-32858","26114"
"중수 경남아너스빌 아파트","일반건물","중수중앙로","111","효빈광역시 북구 중수3동(중수동)","-25967","26141"
"진백영무예다음아파트","일반건물","문천로","185","효빈광역시 창전구 진백동","-32265","26147"
"대방엘리움 창전아파트","일반건물","구락로","89","효빈광역시 창전구 창전3동(창전동)","-34170","26163"
"진백희가로아파트","일반건물","청엽로","150","효빈광역시 창전구 진백동","-32043","26168"
"네리아파트","일반건물","문천로","92","효빈광역시 창전구 창전5동(창전동)","-34953","26178"
"홈플러스 창전점","일반건물","구락로","121","효빈광역시 창전구 창전3동(창전동)","-33960","26208"
"창전 홈플러스","일반건물","구락로","121","효빈광역시 창전구 창전3동(창전동)","-33960","26208"
"중수 래미안 2단지","일반건물","고송대로","109","효빈광역시 북구 중수3동(중수동)","-26265","26215"
"동자초","일반건물","창전로","93","효빈광역시 창전구 창전5동(창전동)","-34418","26216"
"진백중고등학교","일반건물","청엽로","89","효빈광역시 창전구 진백동","-31805","26233"
"창전소방서","일반건물","문천로","89","효빈광역시 창전구 창전5동(창전동)","-34578","26247"
"창전5동행정복지센터","일반건물","문천로","83","효빈광역시 창전구 창전5동(창전동)","-34481","26252"
"생덕초","일반건물","문천로","51","효빈광역시 창전구 광정동(생덕동)","-35080","26252"
"효빈외고","일반건물","문천로","195","효빈광역시 창전구 광정동(생덕동)","-35278","26253"
"창전경찰서","일반건물","문천로","74","효빈광역시 창전구 창전5동(창전동)","-34715","26262"
"진백초","일반건물","문천로","60","효빈광역시 창전구 진백동","-30777","26270"
"창전홈플러스(북)","일반건물","칠심로","20","효빈광역시 창전구 광정동(보통동)","-33560","26299"
"중수 시영아파트","일반건물","중수중앙로","116","효빈광역시 북구 중수3동(중수동)","-25972","26331"
"북택초","일반건물","뿌리빛로","118","효빈광역시 안천구 북택동","-28564","26342"
"효빈정부청사","일반건물","중수중앙로","290","효빈광역시 북구 채산동(실본동)","-27194","26350"
"정부효빈지방 합동청사","일반건물","중수중앙로","290","효빈광역시 북구 채산동(실본동)","-27194","26350"
"국가기록원 효빈기록정보센터","일반건물","법원로","276","효빈광역시 북구 채산동(실본동)","-27085","26353"
"국가기록원 효빈센터","일반건물","법원로","276","효빈광역시 북구 채산동(실본동)","-27085","26353"
"하구초중학교","일반건물","문천로","43","효빈광역시 안천구 북택동(하구동)","-29941","26372"
"채산중","일반건물","세하로","55","효빈광역시 북구 채산동","-27517","26391"
"이지더원 중수 아파트","일반건물","중수해안로","121","효빈광역시 북구 중수2동(중수동)","-24883","26396"
"보통초","일반건물","문천로","72","효빈광역시 창전구 창전5동(창전동)","-34743","26408"
"대령병원","일반건물","뿌리빛로","107","효빈광역시 안천구 북택동","-28787","26415"
"북택사원아파트","일반건물","문천로","169","효빈광역시 안천구 북택동","-29148","26421"
"회전초","일반건물","문천로","113","효빈광역시 창전구 진백동(시로동)","-32279","26445"
"보통주공 1단지","일반건물","구락로","112","효빈광역시 창전구 광정동(보통동)","-34195","26464"
"창전 웰라움아파트","일반건물","문천로","134","효빈광역시 창전구 창전5동(창전동)","-34500","26469"
"중수 힐스테이트 아파트","일반건물","중수중앙로","160","효빈광역시 북구 중수2동(중수동)","-25260","26480"
"북택동행정복지센터","일반건물","앵소로","33","효빈광역시 안천구 북택동(하구동)","-29361","26481"
"효빈정보산업진흥원","일반건물","중수중앙로","153","효빈광역시 북구 채산동(실본동)","-27197","26487"
"진백주공","일반건물","청엽로","87","효빈광역시 창전구 진백동","-31985","26487"
"채산역","지하철역","법원로","2","효빈광역시 북구 채산동(실본동)","-26821","26508"
"북구 구영아파트","일반건물","중수중앙로","115","효빈광역시 북구 중수3동(중수동)","-25984","26525"
"효빈연구원","일반건물","중수중앙로","98","효빈광역시 북구 채산동(실본동)","-27135","26542"
"채산동행정복지센터","일반건물","중수중앙로","64","효빈광역시 북구 채산동(실본동)","-27486","26576"
"채산동사무소","일반건물","중수중앙로","64","효빈광역시 북구 채산동(실본동)","-27486","26576"
"이엽중고등학교","일반건물","관서대로","134","효빈광역시 창전구 광정동(생덕동)","-34891","26581"
"북택중고등학교","일반건물","당가로","132","효빈광역시 안천구 북택동","-29079","26590"
"창전세무서","일반건물","효빈공단로","106","효빈광역시 창전구 광정동(생덕동)","-35224","26591"
"하구 주공 1단지","일반건물","뇌전로","157","효빈광역시 안천구 북택동(하구동)","-29953","26603"
"진백역","지하철역","도변이자로","9","효빈광역시 창전구 진백동","-31837","26617"
"신동초","일반건물","당가로","185","효빈광역시 안천구 북택동","-29132","26626"
"북택 스위첸 아파트","일반건물","뇌전로","141","효빈광역시 안천구 북택동(하구동)","-29655","26627"
"효빈국토관리사무소","일반건물","중수중앙로","4","효빈광역시 북구 채산동(실본동)","-26927","26644"
"물방울마을 아파트","일반건물","앵소로","104","효빈광역시 안천구 북택동(하구동)","-29433","26652"
"등기역","지하철역","중탄로","6","효빈광역시 북구 중수2동(중수동)","-25720","26661"
"보통아파트","일반건물","창전로","96","효빈광역시 창전구 광정동(보통동)","-34424","26663"
"북택역","지하철역","앵소로","33","효빈광역시 안천구 북택동","-29296","26669"
"보통주공 2단지","일반건물","구락로","110","효빈광역시 창전구 광정동(보통동)","-34195","26683"
"중수2동행정복지센터","일반건물","중수중앙로","48","효빈광역시 북구 중수2동(중수동)","-25485","26688"
"중수해안공원","일반건물","중수중앙로","61","효빈광역시 북구 중수2동(중수동)","-24905","26701"
"등기초","일반건물","중수중앙로","91","효빈광역시 북구 중수2동(중수동)","-25101","26731"
"북택역 청년주택","일반건물","앵소로","176","효빈광역시 안천구 북택동","-29153","26738"
"진백산업단지","일반건물","청엽로","130","효빈광역시 창전구 진백동","-31773","26775"
"치구역","지하철역","뇌전로","32","효빈광역시 안천구 북택동(하구동)","-29756","26918"
"중수 서희스타힐스 아파트","일반건물","중탄로","201","효빈광역시 북구 중수2동(중수동)","-25519","26961"
"마시중고등학교","일반건물","효빈공단로","209","효빈광역시 창전구 광정동(생덕동)","-35087","26996"
"하구 주공 2단지","일반건물","우택로","114","효빈광역시 안천구 북택동(하구동)","-29997","27004"
"광정동행정복지센터","일반건물","관서대로","86","효빈광역시 창전구 광정동","-33644","27034"
"한국수자원공사 효빈본부","일반건물","법원로","130","효빈광역시 북구 채산동(실본동)","-26884","27043"
"치구역공원","일반건물","뇌전로","70","효빈광역시 안천구 뇌전동(치장동)","-29828","27047"
"진백동행정복지센터","일반건물","청엽로","73","효빈광역시 창전구 진백동(시로동)","-31837","27197"
"시로더샵아파트","일반건물","청엽로","59","효빈광역시 창전구 진백동(시로동)","-31969","27213"
"가스기술공사 효빈본부","일반건물","칠심로","112","효빈광역시 창전구 광정동","-33481","27239"
"한국교통안전공단 효빈본부","일반건물","관서대로","112","효빈광역시 창전구 광정동","-33798","27239"
"텔레칩스 효빈오토모티브","일반건물","법원로","65","효빈광역시 북구 채산동(신영동)","-27321","27286"
"독선초","일반건물","도변이자로","101","효빈광역시 창전구 진백동(시로동)","-32159","27286"
"삼선대학교","일반건물","고송대로","84","효빈광역시 북구 채산동(등기동)","-26247","27314"
"시로역","지하철역","도변이자로","16","효빈광역시 창전구 진백동(시로동)","-32286","27320"
"현대오토에버 효빈SW센터","일반건물","법원로","100","효빈광역시 북구 채산동(신영동)","-27425","27378"
"신영모빌리티데이터센","일반건물","법원로","127","효빈광역시 북구 채산동(신영동)","-27460","27380"
"오픈엣지테크놀로지 효빈센터","일반건물","법원로","68","효빈광역시 북구 채산동(신영동)","-27231","27390"
"등기산","일반건물","중탄로","234","효빈광역시 북구 채산동(등기동)","-25616","27401"
"신영역","지하철역","법원로","22","효빈광역시 북구 채산동(신영동)","-27347","27401"
"도로교통공단 효빈본부","일반건물","도변이자로","55","효빈광역시 창전구 진백동(시로동)","-32430","27403"
"칩스앤미디어 효빈비디오","일반건물","법원로","88","효빈광역시 북구 채산동(신영동)","-27236","27434"
"효빈광역시 소방학교","일반건물","뇌전로","184","효빈광역시 안천구 뇌전동(치장동)","-29843","27438"
"두산로보틱스 효빈솔루션","일반건물","법원로","83","효빈광역시 북구 채산동(신영동)","-27263","27465"
"사피온(SAPEON) 코리아 효빈지사","일반건물","법원로","73","효빈광역시 북구 채산동(신영동)","-27454","27468"
"에스피지(SPG) 효빈정밀","일반건물","법원로","76","효빈광역시 북구 채산동(신영동)","-27291","27494"
"신영신산업중심단지","일반건물","법원로","195","효빈광역시 북구 채산동(신영동)","-27153","27501"
"램리서치 효빈테크놀로지센터","일반건물","법원로","130","효빈광역시 북구 채산동(신영동)","-27233","27504"
"제주반도체 효빈IoT센터","일반건물","법원로","264","효빈광역시 북구 채산동(신영동)","-27081","27518"
"만도모빌리티솔루션즈(MMS) 효빈","일반건물","법원로","81","효빈광역시 북구 채산동(신영동)","-27521","27554"
"한국로봇융합연구원(KIRO) 효빈분원","일반건물","법원로","53","효빈광역시 북구 채산동(신영동)","-27362","27557"
"파두(FADU) 효빈데이터랩","일반건물","법원로","182","효빈광역시 북구 채산동(신영동)","-27210","27562"
"리벨리온(Rebellions) 효빈캠퍼스","일반건물","법원로","75","효빈광역시 북구 채산동(신영동)","-27344","27569"
"캔버스아파트'","일반건물","청엽로","39","효빈광역시 창전구 진백동(시로동)","-31956","27588"
"효빈반도체융합기술원","일반건물","법원로","227","효빈광역시 북구 채산동(신영동)","-27189","27612"
"가온칩스 효빈디자인하우스","일반건물","법원로","272","효빈광역시 북구 채산동(신영동)","-27137","27615"
"어보브반도체 효빈MCU","일반건물","법원로","159","효빈광역시 북구 채산동(신영동)","-27277","27621"
"효빈 삼성반도체공장","일반건물","당선로","281","효빈광역시 북구 채산동(수포동)","-28321","27625"
"스트라드비젼 효빈AI랩","일반건물","법원로","79","효빈광역시 북구 채산동(신영동)","-27380","27631"
"베르당아파트","일반건물","칠심중앙로","202","효빈광역시 창전구 진백동(시로동)","-32857","27631"
"뉴로메카 효빈자동화랩","일반건물","법원로","99","효빈광역시 북구 채산동(신영동)","-27362","27639"
"고무중","일반건물","탄성역로","58","효빈광역시 탄성군 탄성읍 고무리","-37031","27644"
"오토노머스에이투지 효빈지사","일반건물","법원로","75","효빈광역시 북구 채산동(신영동)","-27395","27645"
"로보티즈 효빈액추에이터","일반건물","법원로","43","효빈광역시 북구 채산동(신영동)","-27435","27647"
"ASML 코리아 효빈트레이닝센터","일반건물","법원로","169","효빈광역시 북구 채산동(신영동)","-27289","27656"
"넥스트칩 효빈ADAS","일반건물","법원로","197","효빈광역시 북구 채산동(신영동)","-27261","27665"
"에이디테크놀로지 효빈지점","일반건물","법원로","259","효빈광역시 북구 채산동(신영동)","-27188","27668"
"2호선 신영차량기지(예정)","일반건물","법원로","34","효빈광역시 북구 채산동(신영동)","-27463","27672"
"명채공원","일반건물","탄성남북로","115","효빈광역시 탄성군 탄성읍 고무리","-36465","27675"
"세미파이브 효빈오피스","일반건물","법원로","192","효빈광역시 북구 채산동(신영동)","-27277","27679"
"고무주공1단지","일반건물","고무로","213","효빈광역시 탄성군 탄성읍 고무리","-36061","27709"
"델리아아파트","일반건물","우난로","133","효빈광역시 창전구 진백동(시로동)","-32291","27725"
"LX세미콘 효빈R&D센터","일반건물","법원로","268","효빈광역시 북구 채산동(신영동)","-27222","27734"
"효빈지방기상청","일반건물","중탄로","94","효빈광역시 북구 채산동(등기동)","-25897","27735"
"레인보우로보틱스 효빈협동로봇","일반건물","법원로","124","효빈광역시 북구 채산동(신영동)","-27407","27751"
"LIG넥스원 효빈해양드론센터","일반건물","법원로","157","효빈광역시 북구 채산동(신영동)","-27375","27763"
"한화시스템 효빈ICT연구소","일반건물","법원로","183","효빈광역시 북구 채산동(신영동)","-27354","27778"
"효빈드론관제센터","일반건물","법원로","122","효빈광역시 북구 채산동(신영동)","-27418","27778"
"티로보틱스 효빈물류","일반건물","법원로","285","효빈광역시 북구 채산동(신영동)","-27241","27792"
"시로초","일반건물","청엽로","47","효빈광역시 창전구 진백동(시로동)","-31967","27806"
"광정초중학교","일반건물","하마로","229","효빈광역시 창전구 진백동(시로동)","-33140","27809"
"딥엑스(DeepX) 효빈연구소","일반건물","법원로","277","효빈광역시 북구 채산동(신영동)","-27286","27872"
"미원상사 효빈공장","일반건물","고송대로","156","효빈광역시 북구 채산동(평전동)","-26326","27922"
"시로중고등학교","일반건물","하마로","78","효빈광역시 창전구 진백동(시로동)","-31746","27955"
"시로고등학교","일반건물","하마로","78","효빈광역시 창전구 진백동(시로동)","-31746","27955"
"진등아파트","일반건물","하마로","75","효빈광역시 창전구 진백동(시로동)","-32291","27960"
"고무역","지하철역","고무로","3","효빈광역시 탄성군 탄성읍 고무리","-35848","28067"
"고무초","일반건물","효빈공단로","93","효빈광역시 탄성군 탄성읍 고무리","-36504","28079"
"고무역 행복주택","일반건물","고무로","92","효빈광역시 탄성군 탄성읍 고무리","-35753","28126"
"평전초","일반건물","중탄로","298","효빈광역시 북구 채산동(평전동)","-26509","28233"
"고무공원","일반건물","아율로","146","효빈광역시 탄성군 탄성읍 고무리","-35990","28245"
"뇌전역플레이더아파트(2028예정)","일반건물","하마로","161","효빈광역시 안천구 뇌전동","-29180","28297"
"고무푸르지오","일반건물","아율로","101","효빈광역시 탄성군 탄성읍 고무리","-36236","28298"
"삼성전자 효빈연수원","일반건물","평전서로","275","효빈광역시 북구 채산동(곡진동)","-25418","28322"
"수포역","지하철역","앵소로","28","효빈광역시 안천구 뇌전동(세익동)","-28756","28441"
"평전고","일반건물","평전서로","121","효빈광역시 북구 채산동(평전동)","-26540","28468"
"하가폴리스아파트","일반건물","우택로","86","효빈광역시 안천구 뇌전동(하가동)","-30190","28527"
"뇌전역","지하철역","뇌전로","1","효빈광역시 안천구 뇌전동","-29351","28587"
"뇌전초","일반건물","뇌전로","69","효빈광역시 안천구 뇌전동","-29272","28613"
"군남중","일반건물","당가로","103","효빈광역시 안천구 뇌전동","-29048","28625"
"평전공단IC","일반건물","효빈외곽순환선","6","효빈광역시 북구 채산동(곡진동)","-24952","28737"
"평전주공","일반건물","중탄로","137","효빈광역시 북구 채산동(평전동)","-26527","28752"
"효빈광역시 경찰청","일반건물","우택로","59","효빈광역시 안천구 뇌전동(하가동)","-30164","28754"
"굴회공원","일반건물","중탄로","157","효빈광역시 북구 채산동(평전동)","-26221","28772"
"평전역","지하철역","중탄로","7","효빈광역시 북구 채산동(평전동)","-26394","28808"
"삼성회주공동사원아파트","일반건물","평전서로","247","효빈광역시 북구 채산동(평전동)","-26725","28834"
"다이아공원","일반건물","우난로","36","효빈광역시 탄성군 흑택면 흑택리","-31755","28853"
"광연대학교","일반건물","도변대로","272","효빈광역시 탄성군 흑택면 흑택리","-31350","28861"
"삼성전자 제2 효빈캠퍼스","일반건물","고송대로","279","효빈광역시 북구 채산동(곡진동)","-25750","28899"
"뇌전동행정복지센터","일반건물","우택로","161","효빈광역시 안천구 뇌전동(하가동)","-29944","28917"
"대한통운 효빈중부 물류센터","일반건물","고송대로","120","효빈광역시 북구 채산동(평전동)","-25908","28937"
"하가세인트아파트(2030예정)","일반건물","우택로","83","효빈광역시 안천구 뇌전동(하가동)","-30188","28949"
"1호선 승남차량기지","일반건물","탄성남북로","197","효빈광역시 탄성군 서목읍 승남리","-40633","28992"
"고무 베르디안 아파트","일반건물","아율로","83","효빈광역시 탄성군 탄성읍 고무리","-36204","28994"
"광연대입구","일반건물","우난로","30","효빈광역시 탄성군 흑택면 흑택리","-31600","29051"
"전중공원","일반건물","낭월로","103","효빈광역시 창전구 광정동(마시동)","-34985","29088"
"귤발공원","일반건물","아진로","120","효빈광역시 북구 채산동(평전동)","-26337","29134"
"하가영무예다음","일반건물","우택로","202","효빈광역시 안천구 뇌전동(하가동)","-29904","29141"
"평전공원","일반건물","중탄로","126","효빈광역시 북구 채산동(평전동)","-26775","29153"
"현대조선소 효빈공장 ","일반건물","효빈외곽순환선","141","효빈광역시 북구 채산동(곡진동)","-25105","29158"
"흑택중","일반건물","구락로","128","효빈광역시 탄성군 흑택면 흑택리","-31746","29177"
"삼성공원","일반건물","중탄로","121","효빈광역시 북구 채산동(평전동)","-26925","29180"
"흑택주공1단지","일반건물","도변이자로","149","효빈광역시 탄성군 흑택면 흑택리","-32812","29245"
"포성초","일반건물","앵소로","122","효빈광역시 안천구 당가1동(당가동)","-28558","29307"
"흑택역","지하철역","우난로","6","효빈광역시 탄성군 흑택면 흑택리","-31424","29329"
"현대효빈연수원","일반건물","아진로","114","효빈광역시 북구 채산동(곡진동)","-25393","29372"
"당가주공2단지","일반건물","안당로","77","효빈광역시 안천구 당가1동(당가동)","-28796","29417"
"아진초","일반건물","아진로","139","효빈광역시 북구 채산동(평전동)","-26585","29469"
"흑택호반베르디움아파트","일반건물","우난로","148","효빈광역시 탄성군 흑택면 흑택리","-31483","29509"
"탄성 청년주택","일반건물","아율로","67","효빈광역시 탄성군 탄성읍 고무리","-36177","29524"
"승남비치아파트","일반건물","탄성남북로","57","효빈광역시 탄성군 서목읍 승남리","-40698","29532"
"안천경찰서","일반건물","당가로","69","효빈광역시 안천구 당가1동(당가동)","-28876","29543"
"은염초","일반건물","도변이자로","108","효빈광역시 탄성군 흑택면 흑택리","-32903","29554"
"당가주공1단지","일반건물","안당로","158","효빈광역시 안천구 당가1동(당가동)","-28559","29562"
"아진역","지하철역","중탄로","26","효빈광역시 북구 채산동(아진동)","-27234","29566"
"하가초","일반건물","당가로","142","효빈광역시 안천구 뇌전동(하가동)","-29087","29594"
"상량공원","일반건물","중탄로","191","효빈광역시 탄성군 흑택면 흑택리","-32135","29631"
"흑택면행정복지센터","일반건물","중탄로","185","효빈광역시 탄성군 흑택면 흑택리","-32617","29641"
"상가초","일반건물","우택로","112","효빈광역시 안천구 뇌전동(상가동)","-30219","29645"
"승남해수욕장역","지하철역","탄성남북로","84","효빈광역시 탄성군 서목읍 승남리","-40559","29654"
"흑택더샵아파트","일반건물","중탄로","162","효빈광역시 탄성군 흑택면 흑택리","-32383","29662"
"습지중","일반건물","아진로","81","효빈광역시 북구 채산동(아진동)","-26760","29676"
"안천소방서","일반건물","당가로","69","효빈광역시 안천구 당가1동(당가동)","-28876","29682"
"흑택초","일반건물","청엽로","50","효빈광역시 탄성군 흑택면 흑택리","-31941","29688"
"효빈글로벌도시재단","일반건물","뇌전로","131","효빈광역시 안천구 뇌전동(하가동)","-29208","29700"
"버거킹 하가점","일반건물","뇌전로","26","효빈광역시 안천구 뇌전동(하가동)","-29365","29701"
"아진아파트","일반건물","중탄로","128","효빈광역시 북구 채산동(아진동)","-27182","29728"
"효빈농심식품공장","일반건물","고송대로","92","효빈광역시 북구 채산동(아자동)","-26113","29749"
"탄성고","일반건물","탄성중앙로","91","효빈광역시 탄성군 탄성읍 탄성리","-36880","29819"
"하가역","지하철역","중탄로","23","효빈광역시 안천구 뇌전동(하가동)","-29305","29823"
"상가역","지하철역","중탄로","4","효빈광역시 안천구 뇌전동(상가동)","-30410","29829"
"당가역","지하철역","중탄로","35","효빈광역시 안천구 당가1동(당가동)","-28244","29830"
"효빈농생명고","일반건물","중탄로","93","효빈광역시 안천구 뇌전동(하가동)","-29579","29936"
"탄성 호반베르디움 아파트","일반건물","고무로","199","효빈광역시 탄성군 탄성읍 탄성리","-36030","29941"
"흑택고(예정)","일반건물","중탄로","124","효빈광역시 탄성군 흑택면 루비리","-32321","29948"
"lg 이노텍 효빈공장","일반건물","고송대로","145","효빈광역시 북구 채산동(아자동)","-25874","29949"
"신동중","일반건물","중탄로","99","효빈광역시 안천구 뇌전동(하가동)","-29067","29949"
"상가하이더플레이스아파트","일반건물","중탄로","139","효빈광역시 안천구 뇌전동(상가동)","-30077","29976"
"루비공원","일반건물","중탄로","156","효빈광역시 탄성군 흑택면 루비리","-31617","29976"
"흑택더빌아파트","일반건물","중탄로","158","효빈광역시 탄성군 흑택면 루비리","-32073","29980"
"하가주공","일반건물","중탄로","153","효빈광역시 안천구 뇌전동(하가동)","-29742","29994"
"상가도매시장","일반건물","중탄로","162","효빈광역시 안천구 뇌전동(상가동)","-30381","29996"
"승남중","일반건물","승남로","38","효빈광역시 탄성군 서목읍 승남리","-41299","29996"
"루비초","일반건물","청엽로","103","효빈광역시 탄성군 흑택면 루비리","-31788","30000"
"흑택세이빌아파트(2030예정)","일반건물","중탄로","183","효빈광역시 탄성군 흑택면 흑택리","-31286","30007"
"안천중","일반건물","하가로","79","효빈광역시 안천구 뇌전동(하가동)","-29322","30010"
"당안아파트","일반건물","당선로","95","효빈광역시 안천구 당가1동(당가동)","-27981","30015"
"탄성경찰서","일반건물","탄성군청로","84","효빈광역시 탄성군 탄성읍 탄성리","-37026","30021"
"당가삼익아파트","일반건물","중탄로","206","효빈광역시 안천구 당가2동(당가동)","-27398","30034"
"당가현대아파트","일반건물","안당로","108","효빈광역시 안천구 당가1동(당가동)","-28818","30047"
"흑택엘라시티아파트(2027예정)","일반건물","중탄로","220","효빈광역시 탄성군 흑택면 흑택리","-32703","30047"
"승남초","일반건물","승남로","100","효빈광역시 탄성군 서목읍 승남리","-41142","30051"
"탄성우체국","일반건물","탄성군청로","145","효빈광역시 탄성군 탄성읍 탄성리","-36761","30073"
"고소초","일반건물","당가로","112","효빈광역시 안천구 뇌전동(하가동)","-29057","30087"
"당가역행복주택","일반건물","당선로","50","효빈광역시 안천구 당가1동(당가동)","-28132","30121"
"당안역","지하철역","안천북로","10","효빈광역시 안천구 당가2동(당가동)","-27919","30123"
"승남주공아파트","일반건물","탄성남북로","96","효빈광역시 탄성군 서목읍 승남리","-40746","30149"
"당가삼성아파트","일반건물","당선로","258","효빈광역시 안천구 당가1동(당가동)","-28343","30150"
"흑택아이파크아파트(2029예정)","일반건물","루비로","161","효빈광역시 탄성군 흑택면 루비리","-32436","30158"
"당가1동행정복지센터","일반건물","안당로","48","효빈광역시 안천구 당가1동(당가동)","-28663","30163"
"효빈cc","일반건물","중탄로","219","효빈광역시 탄성군 흑택면 명현리","-34651","30171"
"안천코아루아파트","일반건물","하가로","50","효빈광역시 안천구 안천7동(안천동)","-29261","30195"
"안천데시앙아파트","일반건물","하가로","211","효빈광역시 안천구 안천7동(안천동)","-29425","30195"
"흑택더블루아파트(2028예정)","일반건물","루비로","100","효빈광역시 탄성군 흑택면 루비리","-32066","30213"
"당가시영아파트","일반건물","안당로","160","효빈광역시 안천구 당가1동(당가동)","-28562","30226"
"당가초","일반건물","안당로","84","효빈광역시 안천구 당가1동(당가동)","-28822","30275"
"하가금호아파트","일반건물","당가로","118","효빈광역시 안천구 뇌전동(하가동)","-29063","30282"
"당가아쿠아아파트","일반건물","세하로","105","효빈광역시 안천구 당가2동(당가동)","-27831","30311"
"효빈CC","일반건물","중탄로","69","효빈광역시 탄성군 흑택면 명현리","-34704","30316"
"아진아리아아파트","일반건물","효빈외곽순환고속도로","171","효빈광역시 북구 채산동(아진동)","-27219","30374"
"목금공원","일반건물","효빈외곽순환고속도로","157","효빈광역시 북구 채산동(아자동)","-26763","30382"
"흑택아쿠아아파트","일반건물","루비로","68","효빈광역시 탄성군 흑택면 루비리","-32157","30382"
"아이스타워아파트","일반건물","루비로","100","효빈광역시 탄성군 흑택면 루비리","-32387","30418"
"안천삼성아파트1단지","일반건물","포성산로","150","효빈광역시 안천구 안천7동(안천동)","-29428","30427"
"당가중","일반건물","안천로","17","효빈광역시 안천구 당가1동(당가동)","-28409","30428"
"안천7동행정복지센터","일반건물","포성산로","25","효빈광역시 안천구 안천7동(안천동)","-29298","30443"
"승남공원","일반건물","승남로","121","효빈광역시 탄성군 서목읍 승남리","-40954","30452"
"버거킹 당가점","일반건물","세하로","33","효빈광역시 안천구 당가2동(당가동)","-27760","30461"
"탄성 래미안 아파트(2028년예정)","일반건물","고무로","151","효빈광역시 탄성군 탄성읍 탄성리","-35977","30471"
"당가안단테아파트","일반건물","세하로","128","효빈광역시 안천구 당가2동(당가동)","-27599","30488"
"안천삼성아파트2단지","일반건물","당가로","59","효빈광역시 안천구 안천6동(안천동)","-28982","30517"
"탄성읍행정복지센터","일반건물","탄성남북로","70","효빈광역시 탄성군 탄성읍 탄성리","-36448","30528"
"탄성역","지하철역","탄성남북로","44","효빈광역시 탄성군 탄성읍 탄성리","-36335","30535"
"승남더센트럴아파트","일반건물","탄성남북로","102","효빈광역시 탄성군 서목읍 승남리","-40743","30539"
"안천현대아파트","일반건물","안천로","134","효빈광역시 안천구 안천6동(안천동)","-28636","30546"
"안천구영아파트","일반건물","세하로","141","효빈광역시 안천구 당가2동(당가동)","-27868","30549"
"안천초","일반건물","하가로","61","효빈광역시 안천구 안천6동(안천동)","-29230","30568"
"곡진IC","일반건물","효빈외곽순환고속도로","52","효빈광역시 북구 채산동(곡진동)","-25343","30611"
"루비역더샵아파트","일반건물","도변이자로","124","효빈광역시 탄성군 흑택면 루비리","-32865","30659"
"당가아파트","일반건물","세하로","61","효빈광역시 안천구 당가2동(당가동)","-27789","30667"
"당가패션아파트","일반건물","당선로","128","효빈광역시 안천구 당가2동(당가동)","-28003","30667"
"루비타운아파트","일반건물","청엽로","185","효빈광역시 탄성군 흑택면 루비리","-31710","30679"
"화범초","일반건물","포성산로","60","효빈광역시 안천구 안천7동(안천동)","-29449","30686"
"당가북부아파트","일반건물","세하로","235","효빈광역시 안천구 당가2동(당가동)","-27493","30733"
"안천역아파트","일반건물","안천북로","227","효빈광역시 안천구 안천6동(안천동)","-28528","30755"
"안천6동행정복지센터","일반건물","당가로","41","효빈광역시 안천구 안천6동(안천동)","-28951","30756"
"루비역","지하철역","도변이자로","1","효빈광역시 탄성군 흑택면 루비리","-32988","30758"
"안천시영아파트","일반건물","하가로","175","효빈광역시 안천구 안천5동(안천동)","-29264","30846"
"탄성 안브리아 아파트","일반건물","탄성남북로","145","효빈광역시 탄성군 탄성읍 탄성리","-36527","30869"
"메가박스 안천","일반건물","하가로","29","효빈광역시 안천구 안천6동(안천동)","-28941","30908"
"소유초","일반건물","당선로","79","효빈광역시 안천구 당가2동(당가동)","-28058","30909"
"아이스크림공원","일반건물","고나미로","240","효빈광역시 탄성군 흑택면 루비리","-32509","30936"
"탄성 경남아너스빌 아파트","일반건물","효빈공단로","187","효빈광역시 탄성군 탄성읍 탄성리","-36977","30939"
"시택초","일반건물","당가로","72","효빈광역시 안천구 안천5동(안천동)","-29044","30966"
"안천5동행정복지센터","일반건물","포성산로","60","효빈광역시 안천구 안천5동(안천동)","-29604","30992"
"안천두산아파트","일반건물","안당로","121","효빈광역시 안천구 안천6동(안천동)","-28776","31003"
"당가2동행정복지센터","일반건물","세하로","68","효빈광역시 안천구 당가2동(당가동)","-27662","31007"
"당가레인보우아파트","일반건물","세하로","180","효빈광역시 안천구 당가2동(당가동)","-27910","31021"
"루비아파트","일반건물","고나미로","83","효빈광역시 탄성군 흑택면 루비리","-32340","31091"
"루비중","일반건물","고나미로","68","효빈광역시 탄성군 흑택면 루비리","-32802","31111"
"안천역","지하철역","안천북로","94","효빈광역시 안천구 안천1동(안천동)","-28232","31112"
"안천여고","일반건물","포성산로","183","효빈광역시 안천구 백합동","-29814","31121"
"상운아파트","일반건물","탄성남북로","208","효빈광역시 탄성군 서목읍 입리","-40599","31127"
"릴리타운아파트","일반건물","포성산로","189","효빈광역시 안천구 안천5동(안천동)","-29414","31163"
"택류초","일반건물","안당로","114","효빈광역시 안천구 안천5동(안천동)","-29007","31164"
"신동초","일반건물","안천이자로","221","효빈광역시 안천구 안천1동(안천동)","-28578","31168"
"안천롯데아파트","일반건물","당가로","118","효빈광역시 안천구 안천5동(안천동)","-29087","31174"
"택소초","일반건물","안천이자로","52","효빈광역시 안천구 안천1동(안천동)","-28409","31227"
"맥도날드 안천","일반건물","안천이자로","39","효빈광역시 안천구 악부동(무로동)","-28086","31274"
"능천중","일반건물","안천이자로","58","효빈광역시 안천구 악부동(무로동)","-27841","31297"
"무한초","일반건물","효빈공단로","81","효빈광역시 탄성군 탄성읍 탄성리","-37082","31299"
"당가고","일반건물","안천이자로","63","효빈광역시 안천구 당가2동(당가동)","-27668","31302"
"백합공원역","지하철역","포성산로","7","효빈광역시 안천구 백합동","-29724","31326"
"채화초","일반건물","포성산로","80","효빈광역시 안천구 백합동","-29811","31333"
"안천1동행정복지센터","일반건물","안천북로","23","효빈광역시 안천구 안천1동(안천동)","-28361","31346"
"시안아파트","일반건물","서목로","129","효빈광역시 탄성군 서목읍 입리","-41009","31356"
"안천호르아파트","일반건물","안천이자로","152","효빈광역시 안천구 안천2동(안천동)","-28662","31380"
"서목역","지하철역","탄성남북로","66","효빈광역시 탄성군 서목읍 서목리","-40085","31413"
"탄성 아쿠아아파트","일반건물","탄성남북로","126","효빈광역시 탄성군 탄성읍 탄성리","-36545","31425"
"안천주공3단지","일반건물","당가로","179","효빈광역시 안천구 안천4동(안천동)","-29462","31428"
"안천주공1단지","일반건물","당가로","198","효빈광역시 안천구 안천3동(안천동)","-29082","31467"
"안천제일아파트","일반건물","안천북로","54","효빈광역시 안천구 안천1동(안천동)","-28369","31507"
"탄성소방서","일반건물","탄성남북로","122","효빈광역시 탄성군 탄성읍 탄성리","-36302","31508"
"탄성 아이파크 아파트","일반건물","상루로","154","효빈광역시 탄성군 탄성읍 탄성리","-36877","31528"
"제택고","일반건물","포성산로","137","효빈광역시 안천구 백합동","-29990","31545"
"안천주공4단지","일반건물","당가로","143","효빈광역시 안천구 안천4동(안천동)","-29475","31620"
"안천2동행정복지센터","일반건물","안천이자로","9","효빈광역시 안천구 안천2동(안천동)","-28678","31641"
"서목고","일반건물","탄성해안로","117","효빈광역시 탄성군 서목읍 서목리","-39436","31665"
"릴리레이션아파트","일반건물","안천중앙로","183","효빈광역시 안천구 백합동","-30296","31697"
"안천행복주택아파트","일반건물","안천중앙로","171","효빈광역시 안천구 안천4동(안천동)","-29699","31707"
"안천주공2단지","일반건물","안천중앙로","166","효빈광역시 안천구 안천3동(안천동)","-29010","31709"
"맥도날드 탄성 DT","일반건물","탄성남북로","20","효빈광역시 탄성군 탄성읍 탄성리","-36458","31709"
"서목아파트","일반건물","과학로","182","효빈광역시 탄성군 서목읍 서목리","-40181","31738"
"미성초","일반건물","효빈공단로","123","효빈광역시 탄성군 탄성읍 탄성리","-37284","31741"
"제택중","일반건물","안천중앙로","115","효빈광역시 안천구 안천3동(안천동)","-29087","31760"
"nc백화점 안천점","일반건물","안천중앙로","110","효빈광역시 안천구 안천2동(안천동)","-28601","31763"
"탄성초","일반건물","탄성군청로","46","효빈광역시 탄성군 탄성읍 탄성리","-36654","31765"
"안천장미아파트","일반건물","안천중앙로","100","효빈광역시 안천구 안천2동(안천동)","-28441","31773"
"안천고","일반건물","안천중앙로","98","효빈광역시 안천구 악부동(무로동)","-28151","31774"
"탄성상고","일반건물","창전해안로","131","효빈광역시 탄성군 탄성읍 명무리","-37834","31776"
"NC백화점","일반건물","안천중앙로","96","효빈광역시 안천구 안천2동(안천동)","-28602","31777"
"성규초","일반건물","성규로","101","효빈광역시 탄성군 탄성읍 성규리","-39018","31814"
"KFC 안천점","일반건물","안천중앙로","38","효빈광역시 안천구 안천2동(안천동)","-28805","31836"
"NC백화점(남)","일반건물","안천중앙로","4","효빈광역시 안천구 안천3동(안천동)","-28895","31879"
"탄성중","일반건물","탄성군청로","35","효빈광역시 탄성군 탄성읍 탄성리","-36664","31880"
"성공초","일반건물","당가로","34","효빈광역시 안천구 안천4동(안천동)","-29407","31929"
"안천4동행정복지센터","일반건물","안천중앙로","54","효빈광역시 안천구 안천4동(안천동)","-29746","31932"
"탄성더샵아파트","일반건물","상루로","144","효빈광역시 탄성군 탄성읍 탄성리","-36939","31935"
"하화초","일반건물","안천중앙로","70","효빈광역시 안천구 백합동(상점동)","-30601","31951"
"안천세이풀아파트","일반건물","안천중앙로","94","효빈광역시 안천구 안천4동(안천동)","-29668","31971"
"안천세이플아파트","일반건물","안천중앙로","95","효빈광역시 안천구 안천4동(안천동)","-29660","31972"
"안천에일아파트","일반건물","안천중앙로","100","효빈광역시 안천구 안천2동(안천동)","-28475","31973"
"안천부영아파트","일반건물","안천중앙로","99","효빈광역시 안천구 안천3동(안천동)","-28705","31973"
"삽곡대","일반건물","과학로","288","효빈광역시 탄성군 서목읍 입리","-40519","31978"
"삽곡대학교","일반건물","과학로","288","효빈광역시 탄성군 서목읍 입리","-40519","31978"
"안천우체국","일반건물","안천중앙로","110","효빈광역시 안천구 악부동(무로동)","-27893","31981"
"안천구청","일반건물","안천중앙로","122","효빈광역시 안천구 안천3동(안천동)","-29131","31997"
"유우초","일반건물","안천중앙로","130","효빈광역시 안천구 악부동(무로동)","-28060","32001"
"메가박스 탄성","일반건물","효빈공단로","64","효빈광역시 탄성군 탄성읍 미성리","-37224","32016"
"탄성공원","일반건물","탄성남북로","130","효빈광역시 탄성군 탄성읍 공리","-36330","32034"
"안천3동행정복지센터","일반건물","안천이자로","40","효빈광역시 안천구 안천3동(안천동)","-28913","32044"
"성천병원","일반건물","안천중앙로","181","효빈광역시 안천구 백합동(상점동)","-30819","32063"
"버거킹 안천점","일반건물","안천이자로","49","효빈광역시 안천구 안천3동(안천동)","-29040","32115"
"홈플러스 탄성점","일반건물","창전해안로","171","효빈광역시 탄성군 탄성읍 미성리","-37535","32121"
"탄성홈플러스","일반건물","창전해안로","64","효빈광역시 탄성군 탄성읍 미성리","-37642","32145"
"안천아파트","일반건물","안천중앙로","270","효빈광역시 안천구 안천4동(안천동)","-29813","32148"
"말우공원","일반건물","효빈공단로","131","효빈광역시 탄성군 탄성읍 미성리","-37028","32207"
"탄성여중","일반건물","탄성군청로","176","효빈광역시 탄성군 탄성읍 미성리","-36873","32232"
"안천구청아파트","일반건물","안천이자로","196","효빈광역시 안천구 안천3동(안천동)","-29251","32235"
"안천휴먼시아","일반건물","안천북로","193","효빈광역시 안천구 안천2동(안천동)","-28470","32250"
"서목주공2단지","일반건물","창율로","246","효빈광역시 탄성군 서목읍 서목리","-39331","32278"
"팔망성주공","일반건물","안천이자로","162","효빈광역시 안천구 악부동(제택동)","-28897","32319"
"낭화학교","일반건물","세하로","264","효빈광역시 안천구 악부동(무로동)","-28001","32338"
"탄성군청역","지하철역","중탄로","194","효빈광역시 탄성군 탄성읍 공리","-36239","32339"
"팔망성초","일반건물","포성산로","66","효빈광역시 안천구 백합동(상점동)","-30178","32343"
"탄성주공","일반건물","효빈공단로","215","효빈광역시 탄성군 탄성읍 미성리","-36948","32434"
"팔망성역","지하철역","안천이자로","10","효빈광역시 안천구 악부동(팔망성동)","-29139","32448"
"서목초(폐교)","일반건물","과학로","164","효빈광역시 탄성군 서목읍 입리","-40372","32500"
"탄성군청","일반건물","탄성남북로","124","효빈광역시 탄성군 탄성읍 공리","-36383","32507"
"효빈외대","일반건물","안천북로","143","효빈광역시 안천구 악부동(제택동)","-28422","32517"
"미성주공","일반건물","효빈공단로","234","효빈광역시 탄성군 탄성읍 미성리","-37400","32523"
"서목읍행정복지센터","일반건물","안원로","237","효빈광역시 탄성군 서목읍 서목리","-39923","32549"
"팔망성고","일반건물","포성산로","123","효빈광역시 안천구 백합동(상점동)","-30215","32562"
"서목이편한세상아파트","일반건물","창율로","141","효빈광역시 탄성군 서목읍 서목리","-39380","32671"
"팔망성중","일반건물","안천이자로","141","효빈광역시 안천구 악부동(팔망성동)","-29072","32676"
"천옥초","일반건물","안주로","81","효빈광역시 안천구 백합동(상점동)","-30392","32700"
"야진입구역","지하철역","탄성남북로","77","효빈광역시 탄성군 탄성읍 미성리","-37695","32790"
"탄성보건소","일반건물","탄성남북로","110","효빈광역시 탄성군 탄성읍 공리","-36480","32838"
"요우역","지하철역","포성산로","5","효빈광역시 탄성군 도변읍 요우리","-31811","32841"
"안천병원","일반건물","안천북로","140","효빈광역시 안천구 악부동(제택동)","-28422","32848"
"탄성군보건소","일반건물","탄성남북로","67","효빈광역시 탄성군 탄성읍 공리","-36529","32853"
"맥도날드 팔망성DT","일반건물","안천이자로","29","효빈광역시 안천구 악부동(팔망성동)","-29288","32939"
"요우중","일반건물","도변대로","50","효빈광역시 탄성군 도변읍 요우리","-31108","32968"
"요우 서희 스타힐스 아파트","일반건물","요우중앙로","142","효빈광역시 탄성군 도변읍 요우리","-31480","32995"
"팔망성더샵아파트","일반건물","악부로","138","효빈광역시 안천구 악부동(팔망성동)","-28731","33079"
"서목주공아파트","일반건물","안원로","201","효빈광역시 탄성군 서목읍 서목리","-39940","33089"
"내곡아파트","일반건물","악부로","122","효빈광역시 안천구 악부동(팔망성동)","-29095","33095"
"소령초","일반건물","악부로","118","효빈광역시 안천구 악부동(제택동)","-28448","33099"
"요우초","일반건물","청엽로","73","효빈광역시 탄성군 도변읍 요우리","-31982","33115"
"서목초","일반건물","안원로","76","효빈광역시 탄성군 서목읍 서목리","-39600","33131"
"악부동행정복지센터","일반건물","악부로","58","효빈광역시 안천구 악부동","-29717","33158"
"고산1단지","일반건물","창율로","33","효빈광역시 탄성군 서목읍 서목리","-39425","33236"
"서목푸르지오아파트","일반건물","서목로","234","효빈광역시 탄성군 서목읍 서목리","-40274","33279"
"공리공원","일반건물","탄성군청로","193","효빈광역시 탄성군 탄성읍 공리","-36361","33286"
"공리초","일반건물","효빈공단로","182","효빈광역시 탄성군 탄성읍 공리","-37009","33305"
"공리중","일반건물","중탄로","118","효빈광역시 탄성군 탄성읍 공리","-36163","33308"
"팔망성아이파크아파트(2028예정)","일반건물","악부로","102","효빈광역시 안천구 악부동(팔망성동)","-28755","33319"
"브리안아파트","일반건물","악부로","110","효빈광역시 안천구 악부동(팔망성동)","-29122","33327"
"안천도서관","일반건물","악부로","115","효빈광역시 안천구 악부동(제택동)","-28506","33332"
"서목아쿠아1단지","일반건물","안원로","169","효빈광역시 탄성군 서목읍 서목리","-39208","33352"
"요우 호반베르디움 아파트","일반건물","도변대로","230","효빈광역시 탄성군 도변읍 요우리","-31298","33373"
"공리안단테아파트","일반건물","탄성군청로","137","효빈광역시 탄성군 탄성읍 공리","-36691","33383"
"효빈북부준법지원센터","일반건물","세하로","224","효빈광역시 안천구 악부동(타천동)","-27517","33386"
"롯데시네마 도변","일반건물","포성산로","52","효빈광역시 탄성군 도변읍 도변리","-32737","33387"
"애니메이트 탄성점","일반건물","포성산로","29","효빈광역시 탄성군 도변읍 도변리","-32807","33426"
"공리아파트","일반건물","중탄로","229","효빈광역시 탄성군 탄성읍 공리","-36274","33453"
"성택대","일반건물","세하로","206","효빈광역시 안천구 악부동(타천동)","-27947","33496"
"성택대서문","일반건물","세하로","206","효빈광역시 안천구 악부동(타천동)","-27947","33496"
"효빈문화공사","일반건물","악부로","286","효빈광역시 안천구 악부동(팔망성동)","-28959","33503"
"고산2단지","일반건물","창율로","51","효빈광역시 탄성군 서목읍 서목리","-39507","33505"
"도변 아파트","일반건물","언성로","129","효빈광역시 탄성군 도변읍 도변리","-33141","33548"
"수안초","일반건물","언성로","158","효빈광역시 탄성군 도변읍 도변리","-33428","33558"
"도변역","지하철역","포성산로","6","효빈광역시 탄성군 도변읍 도변리","-32990","33568"
"안천구 보건소","일반건물","안천북로","62","효빈광역시 안천구 악부동(팔망성동)","-28351","33589"
"타천역","지하철역","안천북로","18","효빈광역시 안천구 악부동(타천동)","-28271","33591"
"서목아쿠아2단지","일반건물","창율로","210","효빈광역시 탄성군 서목읍 서목리","-39372","33596"
"요우 주공 1단지","일반건물","요우중앙로","200","효빈광역시 탄성군 도변읍 요우리","-31830","33610"
"롯데마트도변점","일반건물","도변이자로","140","효빈광역시 탄성군 도변읍 도변리","-32827","33667"
"도변롯데마트동부","일반건물","도변이자로","140","효빈광역시 탄성군 도변읍 도변리","-32827","33667"
"공리택지지구","일반건물","공리로","27","효빈광역시 탄성군 탄성읍 공리","-36964","33698"
"도변여고","일반건물","도변대로","145","효빈광역시 탄성군 도변읍 요우리","-31221","33723"
"팔망성공원","일반건물","안천이자로","206","효빈광역시 안천구 악부동(팔망성동)","-29216","33746"
"도변여중","일반건물","요우중앙로","213","효빈광역시 탄성군 도변읍 요우리","-31419","33769"
"요우 SK뷰 아파트","일반건물","요우로","82","효빈광역시 탄성군 도변읍 도변리","-32198","33833"
"요우 sk뷰 아파트","일반건물","요우로","82","효빈광역시 탄성군 도변읍 도변리","-32198","33833"
"공리두산위브아파트","일반건물","공리로","139","효빈광역시 탄성군 탄성읍 공리","-36236","33836"
"도변고","일반건물","포성산로","209","효빈광역시 탄성군 도변읍 도변리","-33496","33838"
"도변읍행정복지센터","일반건물","포성산로","53","효빈광역시 탄성군 도변읍 도변리","-33153","33842"
"공리에브리아파트","일반건물","탄성군청로","176","효빈광역시 탄성군 탄성읍 공리","-36730","33881"
"도변초","일반건물","도변이자로","93","효빈광역시 탄성군 도변읍 도변리","-32878","33969"
"남송교회","일반건물","효빈공단로","130","효빈광역시 탄성군 탄성읍 공리","-37191","33989"
"요우 주공2단지","일반건물","도변대로","198","효빈광역시 탄성군 도변읍 요우리","-31281","34007"
"버거킹 탄성점","일반건물","탄성군청로","236","효빈광역시 탄성군 탄성읍 공리","-36790","34016"
"버거킹 도변점","일반건물","도변이자로","68","효빈광역시 탄성군 도변읍 도변리","-33040","34049"
"요우 더샵","일반건물","요우중앙로","216","효빈광역시 탄성군 도변읍 요우리","-31851","34071"
"공리사랑으로부영아파트","일반건물","중탄로","186","효빈광역시 탄성군 탄성읍 공리","-36231","34122"
"야진읍사무소","일반건물","야진로","75","효빈광역시 탄성군 야진읍 야진리","-38504","34147"
"야진읍행정복지센터","일반건물","야진로","87","효빈광역시 탄성군 야진읍 야진리","-38516","34149"
"탄성과학고","일반건물","과학로","147","효빈광역시 탄성군 서목읍 소춘리","-41191","34152"
"도변오투그란데아파트","일반건물","포성산로","276","효빈광역시 탄성군 도변읍 도변리","-33804","34181"
"도변 오투그란데","일반건물","포성산로","276","효빈광역시 탄성군 도변읍 도변리","-33804","34181"
"추자역","지하철역","안천이자로","7","효빈광역시 안천구 이십기동(추자동)","-29421","34292"
"요우 아파트","일반건물","요우중앙로","188","효빈광역시 탄성군 도변읍 요우리","-31827","34343"
"효빈예술대","일반건물","도변대로","93","효빈광역시 탄성군 도변읍 요우리","-31184","34346"
"효빈예대","일반건물","도변대로","93","효빈광역시 탄성군 도변읍 요우리","-31184","34346"
"치고대","일반건물","도변대로","212","효빈광역시 탄성군 도변읍 잠재리","-31311","34665"
"포성산역","지하철역","포성산로","91","효빈광역시 탄성군 도변읍 조일리","-34124","34948"
"이십기동행정복지센터","일반건물","이자로","189","효빈광역시 안천구 이십기동","-29197","35597"
"잠재역","지하철역","도변이자로","9","효빈광역시 탄성군 도변읍 잠재리","-32639","35603"
"창건동행정복지센터","일반건물","이자로","132","효빈광역시 안천구 창건동","-30355","35657"
"이자출장소역","지하철역","안천이자로","9","효빈광역시 안천구 이십기동","-28948","35677"
"잠재중","일반건물","도변이자로","89","효빈광역시 탄성군 도변읍 잠재리","-32670","35818"
"안천구청 이자출장소","일반건물","안천이자로","105","효빈광역시 안천구 이자3동(이자동)","-28780","35828"
"리의래미안아파트","일반건물","이자로","127","효빈광역시 안천구 이십기동(리의동)","-27856","35836"
"이십기사거리","일반건물","안주로","5","효빈광역시 안천구 이십기동","-29337","35850"
"창건삼성아파트","일반건물","도변대로","170","효빈광역시 안천구 창건동","-30957","35892"
"리의초","일반건물","앵내이자로","19","효빈광역시 안천구 이자1동(이자동)","-27487","35898"
"이자여고","일반건물","개추로","109","효빈광역시 안천구 악부동(광상동)","-27190","35904"
"창건초","일반건물","이자로","144","효빈광역시 안천구 창건동","-30444","35919"
"이십기아파트","일반건물","이자로","202","효빈광역시 안천구 이십기동","-29761","36034"
"이십기주공","일반건물","이자로","205","효빈광역시 안천구 이십기동","-29552","36037"
"잠재초","일반건물","도변이자로","141","효빈광역시 탄성군 도변읍 잠재리","-32649","36048"
"창건중","일반건물","언산로","152","효빈광역시 안천구 창건동","-30451","36074"
"창건대우","일반건물","언산로","244","효빈광역시 안천구 창건동","-30055","36101"
"소원IC","일반건물","효빈외곽순환선","26","효빈광역시 탄성군 소원면 윤부리","-25652","36149"
"이자양우내안에아파트","일반건물","앵내이자로","197","효빈광역시 안천구 이자1동(이자동)","-27309","36201"
"이자대라수아파트","일반건물","이자서로","193","효빈광역시 안천구 이자1동(이자동)","-27718","36222"
"이십기대우아파트","일반건물","안주로","212","효빈광역시 안천구 이십기동","-29117","36301"
"리의역","지하철역","안천북로","63","효빈광역시 안천구 이십기동(리의동)","-28302","36405"
"창건현대아파트","일반건물","도변대로","140","효빈광역시 안천구 창건동","-30986","36457"
"소안아파트","일반건물","언산로","92","효빈광역시 안천구 창건동","-30392","36466"
"이십기매영아파트","일반건물","안주로","197","효빈광역시 안천구 이십기동","-29131","36480"
"이자고","일반건물","창건순환로","129","효빈광역시 안천구 이십기동","-29900","36504"
"도정초","일반건물","창건로","166","효빈광역시 안천구 이십기동","-29716","36526"
"리나초","일반건물","안천이자로","228","효빈광역시 안천구 이자3동(탄자동)","-29071","36549"
"코스트코 이자점","일반건물","개추로","136","효빈광역시 안천구 이자1동(신동)","-26944","36580"
"이자우리아파트","일반건물","안천북로","122","효빈광역시 안천구 이자3동(이자동)","-28485","36610"
"이자경남아너스빌아파트","일반건물","이자서로","257","효빈광역시 안천구 이자1동(이자동)","-27891","36680"
"과남역","지하철역","안천이자로","1","효빈광역시 안천구 이자3동(이자동)","-28844","36680"
"이자수페리체아파트","일반건물","앵내이자로","196","효빈광역시 안천구 이자1동(이자동)","-27702","36725"
"효빈IC","일반건물","효빈빈주고속도로","4","효빈광역시 탄성군 도변읍 조일리","-33375","36776"
"안천과학고","일반건물","안주로","93","효빈광역시 안천구 이자3동(탄자동)","-29233","36784"
"효빈대이자캠퍼스","일반건물","개추로","165","효빈광역시 안천구 이자1동(신동)","-27244","36835"
"탄자골드시티아파트","일반건물","창건로","171","효빈광역시 안천구 이자3동(탄자동)","-29808","36866"
"효빈지방국세청","일반건물","세하로","105","효빈광역시 안천구 이자1동(이자동)","-28093","36888"
"안천교육지원청","일반건물","앵내이자로","57","효빈광역시 안천구 이자1동(신동)","-27449","36897"
"이자1동행정복지센터","일반건물","이자중앙로","138","효빈광역시 안천구 이자1동(이자동)","-27871","36899"
"효빈광역시 인재개발원","일반건물","도변대로","176","효빈광역시 안천구 창건동","-30949","36904"
"효빈인재개발원","일반건물","도변대로","178","효빈광역시 안천구 창건동","-30947","36908"
"해천대·과남역","일반건물","이자천가로","27","효빈광역시 안천구 이자3동(이자동)","-28588","36940"
"해천대","일반건물","안천이자로","71","효빈광역시 안천구 이자3동(탄자동)","-28921","36990"
"단자다이버시티아파트","일반건물","창건순환로","127","효빈광역시 안천구 이자3동(탄자동)","-30154","37047"
"신선초","일반건물","언산로","172","효빈광역시 안천구 성저동","-30475","37072"
"동효빈세무서","일반건물","안주로","139","효빈광역시 안천구 이자3동(탄자동)","-29185","37089"
"앵내 더샵 센트럴 아파트","일반건물","앵내역로","107","효빈광역시 탄성군 도변읍 앵내리","-32014","37141"
"탄자이편한세상아파트","일반건물","안주로","143","효빈광역시 안천구 이자3동(탄자동)","-29467","37170"
"이자코아루아파트","일반건물","앵내이자로","185","효빈광역시 안천구 이자1동(이자동)","-27691","37275"
"창건고","일반건물","언산로","151","효빈광역시 안천구 성저동","-30455","37290"
"이자초","일반건물","앵내이자로","22","효빈광역시 안천구 이자1동(신동)","-27484","37293"
"이자포레나아파트","일반건물","이자중앙로","118","효빈광역시 안천구 이자1동(이자동)","-28024","37304"
"토평초","일반건물","도변이자로","129","효빈광역시 탄성군 도변읍 앵내리","-31695","37340"
"앵내대단지","일반건물","요우로","242","효빈광역시 탄성군 도변읍 앵내리","-32371","37341"
"앵내역","지하철역","도변이자로","22","효빈광역시 탄성군 도변읍 앵내리","-31845","37363"
"교신초","일반건물","안주로","95","효빈광역시 안천구 이자3동(이자동)","-29227","37369"
"앵내 푸르지오 아파트","일반건물","앵내로","180","효빈광역시 탄성군 도변읍 앵내리","-31504","37383"
"아득리","일반건물","포성산로","97","효빈광역시 탄성군 야진읍 미우리","-39445","37415"
"앵내고","일반건물","도변이자로","163","효빈광역시 탄성군 도변읍 앵내리","-31943","37538"
"이자3동행정복지센터","일반건물","안주로","82","효빈광역시 안천구 이자3동(이자동)","-29239","37542"
"탄자역 푸르지오","일반건물","도변이자로","204","효빈광역시 안천구 이자3동(탄자동)","-29687","37550"
"이자중","일반건물","앵내이자로","30","효빈광역시 안천구 이자1동(신동)","-27476","37562"
"효빈성평등가족과 평생교육진흥원","일반건물","이자천가로","33","효빈광역시 안천구 이자3동(이자동)","-28634","37563"
"태택초","일반건물","이자중앙로","45","효빈광역시 안천구 이자2동(이자동)","-27951","37621"
"이자여중","일반건물","세하로","59","효빈광역시 안천구 이자2동(이자동)","-28161","37638"
"CGV이자","일반건물","이자천가로","56","효빈광역시 안천구 이자3동(이자동)","-28654","37717"
"탄자역","지하철역","도변이자로","1","효빈광역시 안천구 이자3동(탄자동)","-29803","37748"
"효빈가정법원","일반건물","요우로","50","효빈광역시 탄성군 도변읍 앵내리","-32081","37772"
"이자2동행정복지센터","일반건물","안천북로","59","효빈광역시 안천구 이자2동(이자동)","-28432","37788"
"이자공원역 더샵아파트","일반건물","안천이자로","132","효빈광역시 안천구 이자3동(이자동)","-28993","37810"
"롯데시네마 이자","일반건물","이자중앙로","38","효빈광역시 안천구 이자2동(이자동)","-27867","37812"
"앵내 파밀리아 아파트","일반건물","요우로","112","효빈광역시 탄성군 도변읍 앵내리","-32243","37824"
"맥도날드 도변DT","일반건물","선령로","61","효빈광역시 탄성군 도변읍 앵내리","-31573","37836"
"맥도날드 탄자DT","일반건물","도변이자로","50","효빈광역시 안천구 이자3동(탄자동)","-29536","37882"
"이자해성아파트","일반건물","도변이자로","153","효빈광역시 안천구 이자3동(탄자동)","-30008","37898"
"이자휴먼시아아파트","일반건물","봉선로","169","효빈광역시 안천구 이자1동(신동)","-27277","37932"
"맥도날드 이자","일반건물","안천북로","38","효빈광역시 안천구 이자2동(이자동)","-28416","37945"
"성저동행정복지센터","일반건물","도변이자로","212","효빈광역시 안천구 성저동","-30655","37949"
"이자공원","일반건물","이자천가로","57","효빈광역시 안천구 이자3동(이자동)","-28650","37973"
"이자아쿠아아파트","일반건물","앵내이자로","183","효빈광역시 안천구 이자2동(이자동)","-27689","37980"
"버거킹 이자점","일반건물","안천이자로","38","효빈광역시 안천구 이자3동(이자동)","-28816","37985"
"이자주공","일반건물","세하로","139","효빈광역시 안천구 이자2동(이자동)","-28086","37992"
"CGV 도변","일반건물","선령로","46","효빈광역시 탄성군 도변읍 앵내리","-31559","37996"
"도변읍 앵내출장소","일반건물","앵내로","20","효빈광역시 탄성군 도변읍 앵내리","-32087","37997"
"KFC 이자4점","일반건물","이자천가로","63","효빈광역시 안천구 이자2동(이자동)","-28529","38014"
"앵내솔천아파트","일반건물","도변대로","148","효빈광역시 탄성군 도변읍 앵내리","-31272","38024"
"앵내초","일반건물","앵내로","131","효빈광역시 탄성군 도변읍 앵내리","-32343","38066"
"효빈이자경찰서","일반건물","개산로","77","효빈광역시 안천구 이자3동(이자동)","-29762","38067"
"윤부이나아파트","일반건물","개추로","244","효빈광역시 탄성군 소원면 윤부리","-26834","38074"
"앵내 이편한세상아파트","일반건물","앵내로","247","효빈광역시 탄성군 도변읍 앵내리","-31800","38078"
"이자공원역","지하철역","도변이자로","12","효빈광역시 안천구 이자3동(이자동)","-28799","38096"
"앵내중","일반건물","앵내로","93","효빈광역시 탄성군 도변읍 앵내리","-32421","38103"
"이자역","지하철역","도변이자로","3","효빈광역시 안천구 이자2동(이자동)","-28307","38173"
"윤부중","일반건물","소원북로","182","효빈광역시 탄성군 소원면 윤부리","-25827","38184"
"이자베르데아파트","일반건물","도변이자로","249","효빈광역시 안천구 이자3동(이자동)","-29314","38186"
"이자승원펠리체 아파트","일반건물","이자천가로","80","효빈광역시 안천구 이자4동(이자동)","-28505","38323"
"이자병원","일반건물","개산로","90","효빈광역시 안천구 칠채동(정치동)","-29928","38378"
"앵내 휴먼시아","일반건물","앵내로","185","효빈광역시 탄성군 도변읍 앵내리","-32438","38381"
"앵내더블라인아파트","일반건물","요우로","190","효빈광역시 탄성군 도변읍 앵내리","-31943","38382"
"앵내더블리안아파트","일반건물","요우로","190","효빈광역시 탄성군 도변읍 앵내리","-31943","38382"
"성저초","일반건물","언산로","269","효빈광역시 안천구 성저동","-30577","38417"
"서원아파트(2030예정)","일반건물","개추로","200","효빈광역시 안천구 칠채동(서수동)","-26877","38474"
"포성초","일반건물","도변이자로","46","효빈광역시 안천구 이자2동(이자동)","-27708","38529"
"노개학교","일반건물","요우로","131","효빈광역시 탄성군 도변읍 앵내리","-32265","38554"
"군선초","일반건물","언산로","77","효빈광역시 안천구 칠채동(정치동)","-30232","38617"
"성저중","일반건물","언산로","260","효빈광역시 안천구 성저동","-30569","38654"
"이자더샵아파트","일반건물","이자천가로","273","효빈광역시 안천구 이자3동(이자동)","-28850","38707"
"앵내 안단테 1단지","일반건물","요우로","62","효빈광역시 탄성군 도변읍 앵내리","-32196","38728"
"앵내 안단테2단지(2030예정)","일반건물","요우로","294","효빈광역시 탄성군 도변읍 앵내리","-32428","38728"
"앵내 포르투 아파트","일반건물","요우로","262","효빈광역시 탄성군 도변읍 앵내리","-31872","38743"
"성저동삼거리","일반건물","언산로","48","효빈광역시 안천구 성저동","-30357","38752"
"이자월드가드아파트","일반건물","이자중앙로","93","효빈광역시 안천구 이자4동(이자동)","-27998","38835"
"서수행복주택","일반건물","도변이자로","189","효빈광역시 안천구 칠채동(서수동)","-26801","38911"
"앵내리버시티아파트","일반건물","선령로","261","효빈광역시 탄성군 도변읍 앵내리","-31778","38975"
"앵내아파트","일반건물","선령로","55","효빈광역시 탄성군 도변읍 앵내리","-31572","38999"
"이자자이아파트","일반건물","이자천가로","109","효빈광역시 안천구 이자4동(이자동)","-28462","39004"
"앵내영두아파트","일반건물","선령로","187","효빈광역시 탄성군 도변읍 앵내리","-31330","39014"
"앵내앵두아파트","일반건물","선령로","187","효빈광역시 탄성군 도변읍 앵내리","-31330","39014"
"정치역","지하철역","이자천가로","9","효빈광역시 안천구 이자4동(이자동)","-28580","39018"
"서수역","지하철역","도변이자로","3","효빈광역시 안천구 칠채동(서수동)","-26822","39103"
"이자월산아파트","일반건물","앵내이자로","165","효빈광역시 안천구 이자3동(이자동)","-28805","39110"
"서수중","일반건물","앵내이자로","177","효빈광역시 안천구 칠채동(서수동)","-27718","39161"
"앵내종점","일반건물","요우로","59","효빈광역시 탄성군 도변읍 앵내리","-32077","39164"
"윤부초","일반건물","소원북로","125","효빈광역시 탄성군 소원면 라면리","-25768","39167"
"무르탈피티아파트","일반건물","도변이자로","272","효빈광역시 탄성군 소원면 소원리","-26307","39168"
"능천중","일반건물","앵내이자로","65","효빈광역시 안천구 칠채동(정치동)","-29151","39213"
"서수초","일반건물","개추로","132","효빈광역시 안천구 칠채동(서수동)","-26944","39303"
"이자4동행정복지센터","일반건물","세하로","21","효빈광역시 안천구 이자4동(이자동)","-28365","39464"
"안천정보고","일반건물","앵내이자로","171","효빈광역시 안천구 성저동","-30683","39464"
"이자푸르마아파트","일반건물","이자천가로","129","효빈광역시 안천구 이자4동(이자동)","-28611","39589"
"영색무주공","일반건물","이자중앙로","100","효빈광역시 안천구 칠채동(영색무동)","-28004","39695"
"소원아파트","일반건물","도변이자로","93","효빈광역시 탄성군 소원면 소원리","-26089","39696"
"소원안단테아파트","일반건물","소원로","232","효빈광역시 탄성군 소원면 소원리","-26492","39732"
"영색무중","일반건물","소원로","102","효빈광역시 안천구 칠채동(영색무동)","-27787","39851"
"영색무아파트","일반건물","세하로","164","효빈광역시 안천구 칠채동(영색무동)","-28505","39880"
"영색무역","지하철역","세하로","34","효빈광역시 안천구 칠채동(영색무동)","-28307","39915"
"소원초","일반건물","도변이자로","133","효빈광역시 탄성군 소원면 소원리","-26052","40108"
"소아아파트","일반건물","소원로","289","효빈광역시 탄성군 소원면 소원리","-26210","40256"
"영색무초","일반건물","이자중앙로","58","효빈광역시 안천구 칠채동(능릉동)","-27962","40523"
"숙등아파트","일반건물","도변이자로","145","효빈광역시 탄성군 소원면 소원리","-25697","40635"
"소원역","지하철역","도변이자로","19","효빈광역시 탄성군 소원면 소원리","-25489","40764"
"소원면행정복지센터","일반건물","도변이자로","15","효빈광역시 탄성군 소원면 소원리","-25461","40986"
"소원면행정복지센터","일반건물","도변이자로","15","효빈광역시 탄성군 소원면 소원리","-25461","40986"
"소원주공","일반건물","도변이자로","165","효빈광역시 탄성군 소원면 소원리","-25640","41168"
"영색무고","일반건물","이자중앙로","128","효빈광역시 안천구 칠채동(능릉동)","-28031","41297"
"소원푸르지오아파트(2026예정)","일반건물","도변이자로","213","효빈광역시 탄성군 소원면 소원리","-25297","41335"
"칠채동행정복지센터","일반건물","이자중앙로","79","효빈광역시 안천구 칠채동(능릉동)","-27824","41348"
"이자IC","일반건물","효빈빈주고속도로","67","효빈광역시 탄성군 고해읍 전추리","-30119","41545"
"능릉역","지하철역","이자중앙로","5","효빈광역시 안천구 칠채동(능릉동)","-27898","41558"
"능릉아파트","일반건물","이자중앙로","137","효빈광역시 안천구 칠채동(능릉동)","-27766","41806"
"능릉초","일반건물","이자천가로","44","효빈광역시 안천구 칠채동(능릉동)","-27514","42027"
"전추리","일반건물","효빈빈주고속도로","18","효빈광역시 탄성군 고해읍 전추리","-30510","42498"
"천가초","일반건물","천가중앙로","154","효빈광역시 탄성군 고해읍 천가리","-25841","42727"
"천가푸르지오아파트(2028예정)","일반건물","천가중앙로","133","효빈광역시 탄성군 고해읍 천가리","-25419","42770"
"천가역","지하철역","도변이자로","98","효빈광역시 탄성군 고해읍 천가리","-26213","42806"
"이와더불데크아파트(2028예정)","일반건물","개추로","125","효빈광역시 탄성군 고해읍 이와리","-26946","42812"
"이와주공","일반건물","이자천가로","176","효빈광역시 탄성군 고해읍 이와리","-26700","42814"
"고해IC","일반건물","효빈외곽순환선","7","효빈광역시 탄성군 고해읍 정명리","-23935","43071"
"이와이편한세상아파트","일반건물","이자천가로","121","효빈광역시 탄성군 고해읍 이와리","-26940","43112"
"천가중","일반건물","천가중앙로","196","효빈광역시 탄성군 고해읍 천가리","-25290","43209"
"이와금광포레나 아파트","일반건물","개추로","61","효빈광역시 탄성군 고해읍 이와리","-27131","43445"
"정명초","일반건물","천가중앙로","90","효빈광역시 탄성군 고해읍 천가리","-25400","43779"
"천가주공","일반건물","북항로","213","효빈광역시 탄성군 고해읍 천가리","-25734","43897"
"이와초","일반건물","도변이자로","59","효빈광역시 탄성군 고해읍 이와리","-26958","44014"
"고해주공","일반건물","북항로","209","효빈광역시 탄성군 고해읍 고해리","-26471","44321"
"고해빛여울채","일반건물","천가로","113","효빈광역시 탄성군 고해읍 고해리","-26108","44326"
"이와 빛여울채","일반건물","이자중앙로","63","효빈광역시 탄성군 고해읍 이와리","-27838","44385"
"고해초","일반건물","고해중앙로","45","효빈광역시 탄성군 고해읍 고해리","-26673","44409"
"이와더샵아파트(2031예정)","일반건물","고해중앙로","172","효빈광역시 탄성군 고해읍 고해리","-27286","44424"
"이와수페리체아파트","일반건물","고해중앙로","152","효빈광역시 탄성군 고해읍 이와리","-27519","44446"
"이와지구(남)","일반건물","이자중앙로","20","효빈광역시 탄성군 고해읍 이와리","-27881","44568"
"고해읍행정복지센터","일반건물","고해중앙로","281","효빈광역시 탄성군 고해읍 고해리","-26447","44689"
"고해역철도공원","일반건물","이자중앙로","111","효빈광역시 탄성군 고해읍 이와리","-28012","44725"
"고해역","지하철역","고해중앙로","18","효빈광역시 탄성군 고해읍 이와리","-28208","44789"
"고해호반베르디움아파트(2030예정)","일반건물","고해중앙로","104","효빈광역시 탄성군 고해읍 고해리","-27592","45040"
"이와 더블듀크아파트","일반건물","고해중앙로","116","효빈광역시 탄성군 고해읍 고해리","-27280","45043"
"도향IC","일반건물","덕북고속도로","16","효빈광역시 탄성군 도향면 영왕리","-25790","47059"
"영왕초","일반건물","도산로","49","효빈광역시 탄성군 도향면 영왕리","-26147","47450"
"도향역","지하철역","남약산로","82","효빈광역시 탄성군 도향면 분음리","-28652","50051"
"도향초","일반건물","남약산로","274","효빈광역시 탄성군 도향면 분음리","-28461","50398"
"도향복숭아밭","일반건물","우모로","172","효빈광역시 탄성군 도향면 분음리","-29348","50499"
"도향면행정복지센터","일반건물","남약산로","47","효빈광역시 탄성군 도향면 분음리","-28783","50595"
"도향중","일반건물","우모로","284","효빈광역시 탄성군 도향면 초반리","-29850","50614"
"도향면행정복지센터","일반건물","남약산로","34","효빈광역시 탄성군 도향면 분음리","-28770","50642"
"정근IC","일반건물","덕북고속도로","1","효빈광역시 탄성군 정근면 구생리","-25385","50932"
"해로산업단지","일반건물","약산정로","241","덕빈북도 선곡군 해로면 광야리","-30515","52595"
"해로광야산단","일반건물","약산정로","159","덕빈북도 선곡군 해로면 광야리","-30439","53149"
"산형동","일반건물","약산정로","166","덕빈북도 선곡군 해로면 해로리","-30318","54027"
"정근면행정복지센터","일반건물","영내로","14","효빈광역시 탄성군 정근면 층부리","-26574","54105"
"정근면행정복지센터","일반건물","영내로","10","효빈광역시 탄성군 정근면 층부리","-26578","54113"
"정근초","일반건물","영내로","134","효빈광역시 탄성군 정근면 층부리","-26722","54294"
"정근중","일반건물","영내로","187","효빈광역시 탄성군 정근면 층부리","-26401","54346"
"산형역","지하철역","남약산로","64","덕빈북도 약산시 산형동(매목동)","-28681","54571"
"해로면행정복지센터","일반건물","약산정로","137","덕빈북도 선곡군 해로면 해로리","-29972","55736"
"채신동","일반건물","영내로","53","덕빈북도 약산시 산형동(대염동)","-28672","56145"
"영내역","지하철역","영내로","221","덕빈북도 약산시 산형동(후작동)","-27841","56313"
"탄미역","지하철역","남약산로","71","덕빈북도 약산시 산형동(대염동)","-28677","56695"
"대염동","일반건물","약산정로","10","덕빈북도 약산시 약산2동(고곡동)","-29531","57148"
"역성지구","일반건물","역석로","80","덕빈북도 약산시 역성동(역석동)","-26531","57611"
"고곡동","일반건물","약산대로","62","덕빈북도 약산시 약산2동(고곡동)","-30079","57824"
"보녕고등학교","일반건물","역전로(약산)","242","덕빈북도 약산시 약산1동(약산동)","-27855","58168"
"약산시청역","지하철역","남약산로","18","덕빈북도 약산시 약산2동(약산동)","-28686","58777"
"약산시청","일반건물","산석로","64","덕빈북도 약산시 약산1동(약산동)","-28436","58848"
"약산역","지하철역","역전로(약산)","37","덕빈북도 약산시 약산1동(보녕동)","-27344","58912"
"염원동","일반건물","약산정로","8","덕빈북도 약산시 삼미동(염원동)","-29495","58943"
"삼미동","일반건물","약산정로","50","덕빈북도 약산시 삼미동(북천동)","-29610","60057"
"수구역","지하철역","남약산로","46","덕빈북도 약산시 우부동(상수구동)","-27675","60173"
"상수구동","일반건물","남약산로","112","덕빈북도 약산시 우부동(상수구동)","-27458","60279"
"수구대로","일반건물","약산정로","31","덕빈북도 약산시 삼미동(북천동)","-29972","61172"
"화소산단","일반건물","약산대로","32","덕빈북도 약산시 화소읍 하내장리","-24590","62035"
"홍하역","지하철역","약산대로","260","덕빈북도 약산시 홍하면 니지리","-24846","63715"
"유한양행 약산공장","일반건물","약산대로","219","덕빈북도 약산시 홍하면 니지리","-24367","63732"
"화소리","일반건물","낭곡로","1","덕빈북도 약산시 화소읍 화소리","-22852","65124"
"홍하직물산업단지","일반건물","근강로","143","덕빈북도 약산시 홍하면 황천리","-25822","68867"
"근강면행정복지센터","일반건물","근강로","52","덕빈북도 약산시 근강면 근강리","-24815","70560"
"빈효선 고남차량기지","일반건물","시방로","250","덕빈북도 낭원군 내덕면 고남리","-1899","71899"
"장곡역","지하철역","장곡중앙로","117","덕빈북도 약산시 장곡읍 장곡리","-25499","72074"
"고남역","지하철역","시방로","30","덕빈북도 낭원군 내덕면 고남리","-2200","72373"
"천주역","지하철역","역전로(천주)","175","덕빈북도 천주시 천성구 천성동","-4503","74307"
"궁하역","지하철역","궁하로","236","덕빈북도 천주시 궁하구 궁하1동(궁하동)","-21380","74373"
"산취역","지하철역","궁항로","154","덕빈북도 천주시 궁하구 산취읍 사야리","-9883","74468"
"시곡역","지하철역","궁항로","9","덕빈북도 천주시 궁하구 시곡면 유소리","-12766","74734"
"마현역","지하철역","현천로","148","덕빈북도 약산시 장곡읍 마현리","-25590","74776"
"대뢰역","지하철역","중앙로(천주)","66","덕빈북도 천주시 천성구 대뢰3동(대뢰동)","-8475","74780"
"과림역","지하철역","궁항로","41","덕빈북도 천주시 궁하구 과림읍 조향리","-15509","75129"
"서팔역","지하철역","아이산로","6","덕빈북도 천주시 궁하구 서팔1동(서팔동)","-18364","75171"
"아이역","지하철역","아이대로","44","덕빈북도 천주시 궁하구 아이2동(아이동)","-19826","75180"
"천주시청역","지하철역","시청로(천주)","22","덕빈북도 천주시 천성구 천성동(평온동)","-5602","75231"
"천주시청","일반건물","시청로(천주)","92","덕빈북도 천주시 천성구 천성동(평온동)","-5479","75277"
"빈전역","지하철역","중앙로(천주)","35","덕빈북도 천주시 천성구 빈전2동(빈전동)","-7794","75520"
"천주중앙역","지하철역","관아로","281","덕빈북도 천주시 천성구 관아동(관아동2가)","-6709","75639"
"궁하구청","일반건물","궁상로","64","덕빈북도 천주시 궁하구 궁하1동(궁하동)","-21695","76111"
"무기역","지하철역","현천로","224","덕빈북도 약산시 장곡읍 무기리","-25121","77165"
